ID,Airport,Airline,Age,Gender,Nationality,TripPurpose,TripDuration,FlyingCompanion,ProvinceResidence,GroupTravel,NoTripsLastYear,FrequentFlightDestination,Destination,FlightNo,DepartureHr,DepartureMn,DepartureTime,SeatClass,Airfare,NoTransport,ModeTransport,AccessCost,AccessTime,Occupation,Income,MileageAirline,Mileage,FrequentDestination1,FrequentDestination2,FrequentDestination3,FrequentDestination4,FrequentDestination5,FrequentDestination6,FrequentDestination7,MileageAirline1,MileageAirline2,MileageAirline3,MileageAirline4,MileageAirline5
1,1,1,49,1,1,2,7,0,3,2,3,1,3,KE627,12,5,2,1,80,1,6,8e3,40,1,5,1,15e4,TRUE,FALSE,FALSE,FALSE,FALSE,FALSE,FALSE,TRUE,FALSE,FALSE,FALSE,FALSE
2,1,1,49,2,1,1,4,4,3,2,1,1,2,KE703,10,10,1,1,41,1,6,8e3,50,9,3,NA,NA,TRUE,FALSE,FALSE,FALSE,FALSE,FALSE,FALSE,NA,NA,NA,NA,NA
3,1,1,25,1,1,1,10,2,3,2,1,2,1,KE897,11,30,1,1,NA,2,4,1e3,20,12,NA,NA,NA,FALSE,TRUE,FALSE,FALSE,FALSE,FALSE,FALSE,NA,NA,NA,NA,NA
4,1,1,29,1,1,2,7,2,3,2,2,5,2,KE725,15,20,2,1,40,1,1,NA,NA,8,7,2,1e5,FALSE,FALSE,FALSE,FALSE,TRUE,FALSE,FALSE,FALSE,TRUE,FALSE,FALSE,FALSE
5,1,1,34,2,1,2,4,0,3,2,2,2,1,KE869,1,0,2,1,40,1,6,8e3,50,1,3,NA,NA,FALSE,TRUE,FALSE,FALSE,FALSE,FALSE,FALSE,NA,NA,NA,NA,NA
6,1,1,43,1,1,4,40,1,3,2,4,2,1,KE833,14,45,2,1,34,1,6,8e3,50,1,3,NA,NA,FALSE,TRUE,FALSE,FALSE,FALSE,FALSE,FALSE,NA,NA,NA,NA,NA
7,1,1,43,2,1,4,40,1,3,2,0,2,1,KE833,14,45,2,1,34,1,6,8e3,50,9,3,NA,NA,FALSE,TRUE,FALSE,FALSE,FALSE,FALSE,FALSE,NA,NA,NA,NA,NA
8,1,1,52,1,1,1,7,1,3,2,0,4,2,KE703,10,15,1,1,56,1,6,8e3,50,2,3,3,NA,FALSE,FALSE,FALSE,TRUE,FALSE,FALSE,FALSE,FALSE,FALSE,TRUE,FALSE,FALSE
9,1,3,24,2,1,1,4,1,3,2,0,1,3,2301,19,35,3,1,34,2,2,2400,5,12,NA,NA,NA,TRUE,FALSE,FALSE,FALSE,FALSE,FALSE,FALSE,NA,NA,NA,NA,NA
10,1,1,52,2,1,1,5,1,5,1,2,1,3,NA,19,0,3,1,NA,2,10,9e4,60,12,NA,NA,NA,TRUE,FALSE,FALSE,FALSE,FALSE,FALSE,FALSE,NA,NA,NA,NA,NA
11,1,1,29,2,1,1,5,2,3,2,4,1,2,KE5703,13,35,2,1,54,2,3,1100,10,12,NA,NA,NA,TRUE,FALSE,FALSE,FALSE,FALSE,FALSE,FALSE,NA,NA,NA,NA,NA
12,1,4,45,1,1,1,7,1,3,1,10,1,4,CX411,15,15,2,1,80,1,6,8e3,50,1,2,1,2e5,TRUE,FALSE,FALSE,FALSE,FALSE,FALSE,FALSE,TRUE,FALSE,FALSE,FALSE,FALSE
13,1,1,24,1,5,2,90,1,8,2,4,"2,4",1,NA,19,0,3,1,37,1,5,NA,NA,2,2,4,NA,FALSE,TRUE,FALSE,TRUE,FALSE,FALSE,FALSE,FALSE,FALSE,FALSE,TRUE,FALSE
14,1,3,27,1,1,1,5,1,1,2,0,1,3,NA,17,NA,2,1,40,1,5,1500,90,2,4,4,NA,TRUE,FALSE,FALSE,FALSE,FALSE,FALSE,FALSE,FALSE,FALSE,FALSE,TRUE,FALSE
15,1,2,62,1,1,2,4,2,3,2,8,3,2,OZ108/040CT3,10,20,3,2,NA,1,5,1500,NA,5,3,4,NA,FALSE,FALSE,TRUE,FALSE,FALSE,FALSE,FALSE,FALSE,FALSE,FALSE,TRUE,FALSE
16,1,3,31,2,1,1,5,2,3,2,2,5,3,ZE0511,17,30,2,1,40,2,2,3e3,5,12,NA,NA,NA,FALSE,FALSE,FALSE,FALSE,TRUE,FALSE,FALSE,NA,NA,NA,NA,NA
17,1,3,28,2,1,1,4,1,3,2,2,5,3,ZE511,17,20,2,1,29,2,2,2700,10,12,NA,NA,NA,FALSE,FALSE,FALSE,FALSE,TRUE,FALSE,FALSE,NA,NA,NA,NA,NA
18,1,3,29,2,1,1,6,5,3,2,1,3,3,7C2201,20,5,3,1,38,2,3,1100,20,12,NA,NA,NA,FALSE,FALSE,TRUE,FALSE,FALSE,FALSE,FALSE,NA,NA,NA,NA,NA
19,1,3,40,1,1,1,5,5,1,1,2,1,3,7C2401,NA,NA,4,1,70,1,1,6e3,60,2,3,1,8e3,TRUE,FALSE,FALSE,FALSE,FALSE,FALSE,FALSE,TRUE,FALSE,FALSE,FALSE,FALSE
20,1,3,29,1,1,1,6,5,3,2,1,1,3,NA,20,NA,3,1,38,1,1,NA,NA,2,NA,NA,NA,TRUE,FALSE,FALSE,FALSE,FALSE,FALSE,FALSE,NA,NA,NA,NA,NA
21,1,3,69,2,1,1,5,6,1,2,0,1,3,7C2401,NA,NA,4,1,70,1,1,NA,NA,9,1,NA,NA,TRUE,FALSE,FALSE,FALSE,FALSE,FALSE,FALSE,NA,NA,NA,NA,NA
22,1,3,29,1,4,1,5,3,1,2,1,3,3,TW101,20,25,3,1,NA,1,5,1500,50,2,2,2,4e4,FALSE,FALSE,TRUE,FALSE,FALSE,FALSE,FALSE,FALSE,TRUE,FALSE,FALSE,FALSE
23,1,3,28,1,1,1,5,3,1,2,2,1,3,NA,8,40,4,1,NA,1,5,900,10,1,4,4,NA,TRUE,FALSE,FALSE,FALSE,FALSE,FALSE,FALSE,FALSE,FALSE,FALSE,TRUE,FALSE
24,1,3,35,1,1,1,6,2,1,2,1,4,3,NA,20,5,3,1,48,1,1,3,90,5,3,2,8e3,FALSE,FALSE,FALSE,TRUE,FALSE,FALSE,FALSE,FALSE,TRUE,FALSE,FALSE,FALSE
25,1,4,30,2,1,1,5,2,3,2,5,5,3,NA,4,20,2,1,53,1,6,1e4,60,9,3,NA,NA,FALSE,FALSE,FALSE,FALSE,TRUE,FALSE,FALSE,NA,NA,NA,NA,NA
26,1,4,22,1,4,4,30,0,3,2,0,6,4,NA,11,45,4,1,39,3,3,1100,15,12,NA,NA,NA,FALSE,FALSE,FALSE,FALSE,FALSE,TRUE,FALSE,NA,NA,NA,NA,NA
27,1,1,55,1,1,1,5,3,3,2,2,"2,5",1,NA,14,10,2,1,28,2,2,4e3,10,12,NA,NA,NA,FALSE,TRUE,FALSE,FALSE,TRUE,FALSE,FALSE,NA,NA,NA,NA,NA
28,1,1,20,2,1,3,21,1,3,2,1,5,1,KE607,19,45,3,1,NA,1,6,8e3,50,8,NA,4,NA,FALSE,FALSE,FALSE,FALSE,TRUE,FALSE,FALSE,FALSE,FALSE,FALSE,TRUE,FALSE
29,1,3,33,1,1,1,5,2,5,2,1,1,3,7C2201,19,35,3,1,NA,2,2,7500,30,12,NA,NA,NA,TRUE,FALSE,FALSE,FALSE,FALSE,FALSE,FALSE,NA,NA,NA,NA,NA
30,1,4,31,2,1,1,3,4,1,2,1,1,4,CX421,9,25,1,1,43,1,6,1e4,60,2,1,3,NA,TRUE,FALSE,FALSE,FALSE,FALSE,FALSE,FALSE,FALSE,FALSE,TRUE,FALSE,FALSE
31,1,3,33,2,1,1,6,2,1,2,2,1,3,NA,20,5,3,1,48,1,1,NA,60,5,4,1,5e3,TRUE,FALSE,FALSE,FALSE,FALSE,FALSE,FALSE,TRUE,FALSE,FALSE,FALSE,FALSE
32,1,1,46,1,1,2,4,1,3,2,50,2,3,KE687,19,0,3,2,NA,1,6,5500,40,12,5,4,NA,FALSE,TRUE,FALSE,FALSE,FALSE,FALSE,FALSE,FALSE,FALSE,FALSE,TRUE,FALSE
33,1,1,24,2,1,1,45,2,5,2,1,5,4,KE933,13,0,2,1,140,2,7,17900,180,12,NA,NA,NA,FALSE,FALSE,FALSE,FALSE,TRUE,FALSE,FALSE,NA,NA,NA,NA,NA
34,1,1,22,1,1,3,100,0,6,2,0,6,4,NA,20,5,3,1,110,1,7,1200,15,12,NA,NA,NA,FALSE,FALSE,FALSE,FALSE,FALSE,TRUE,FALSE,NA,NA,NA,NA,NA
35,1,3,32,2,1,1,6,2,5,2,1,1,3,NA,20,5,3,1,40,2,2,7500,10,12,NA,NA,NA,TRUE,FALSE,FALSE,FALSE,FALSE,FALSE,FALSE,NA,NA,NA,NA,NA
36,1,1,34,2,4,1,15,4,1,2,1,1,3,KE641,18,40,3,1,70,1,1,NA,NA,2,2,1,5e3,TRUE,FALSE,FALSE,FALSE,FALSE,FALSE,FALSE,TRUE,FALSE,FALSE,FALSE,FALSE
37,1,1,40,2,1,1,5,4,1,2,1,1,3,NA,14,20,2,3,80,2,3,1e3,NA,12,NA,NA,NA,TRUE,FALSE,FALSE,FALSE,FALSE,FALSE,FALSE,NA,NA,NA,NA,NA
38,1,4,22,2,1,1,30,2,1,2,0,5,4,CX419,20,5,3,1,108,2,3,1050,NA,12,NA,NA,NA,FALSE,FALSE,FALSE,FALSE,TRUE,FALSE,FALSE,NA,NA,NA,NA,NA
39,1,1,36,1,1,1,16,2,1,1,3,1,4,NA,NA,NA,2,1,100,1,3,1300,40,1,4,1,9e4,TRUE,FALSE,FALSE,FALSE,FALSE,FALSE,FALSE,TRUE,FALSE,FALSE,FALSE,FALSE
40,1,2,22,1,1,1,40,0,1,2,2,"1,5,6",4,NA,NA,NA,4,1,100,1,6,1e4,120,8,4,NA,NA,TRUE,FALSE,FALSE,FALSE,TRUE,TRUE,FALSE,NA,NA,NA,NA,NA
41,1,4,22,2,1,1,30,2,1,2,0,5,4,CX419,20,0,3,1,108,2,3,1050,8,12,NA,NA,NA,FALSE,FALSE,FALSE,FALSE,TRUE,FALSE,FALSE,NA,NA,NA,NA,NA
42,1,1,44,1,1,2,3,2,1,2,4,1,3,KE5643,18,40,3,1,59,1,1,0,15,5,5,1,1e5,TRUE,FALSE,FALSE,FALSE,FALSE,FALSE,FALSE,TRUE,FALSE,FALSE,FALSE,FALSE
43,1,1,31,2,1,4,4,0,3,2,100,"1,2,3,4,5",3,KE691,10,35,1,2,40,2,2,8e3,10,12,NA,NA,NA,TRUE,TRUE,TRUE,TRUE,TRUE,FALSE,FALSE,NA,NA,NA,NA,NA
44,1,1,57,1,4,2,140,1,5,2,10,1,3,KE641,18,40,3,1,NA,2,10,NA,60,12,NA,NA,NA,TRUE,FALSE,FALSE,FALSE,FALSE,FALSE,FALSE,NA,NA,NA,NA,NA
45,1,3,28,1,1,1,5,4,3,2,4,6,3,7C2301,19,35,3,1,30,1,6,12e3,75,2,2,NA,NA,FALSE,FALSE,FALSE,FALSE,FALSE,TRUE,FALSE,NA,NA,NA,NA,NA
46,1,1,32,2,1,1,10,2,3,2,2,1,1,KE833,14,50,2,1,48,2,2,5e3,10,12,NA,NA,NA,TRUE,FALSE,FALSE,FALSE,FALSE,FALSE,FALSE,NA,NA,NA,NA,NA
47,1,1,29,2,1,1,5,2,3,2,2,3,2,KE5703,13,35,2,1,54,1,6,8e3,50,3,2,NA,NA,FALSE,FALSE,TRUE,FALSE,FALSE,FALSE,FALSE,NA,NA,NA,NA,NA
48,1,1,35,2,1,2,3,5,3,2,20,1,3,KE653,18,40,3,1,60,1,6,6e3,40,12,3,4,NA,TRUE,FALSE,FALSE,FALSE,FALSE,FALSE,FALSE,FALSE,FALSE,FALSE,TRUE,FALSE
49,1,2,45,1,2,2,15,1,8,2,7,1,1,OZ359,12,40,2,1,52,1,6,8e3,40,1,3,NA,NA,TRUE,FALSE,FALSE,FALSE,FALSE,FALSE,FALSE,NA,NA,NA,NA,NA
50,1,3,28,1,1,1,7,9,3,1,2,1,3,NA,8,30,3,1,45,1,6,11e3,90,2,4,4,NA,TRUE,FALSE,FALSE,FALSE,FALSE,FALSE,FALSE,FALSE,FALSE,FALSE,TRUE,FALSE
51,1,3,53,2,1,1,7,9,3,2,0,1,3,NA,20,30,3,1,45,2,2,1050,20,12,NA,NA,NA,TRUE,FALSE,FALSE,FALSE,FALSE,FALSE,FALSE,NA,NA,NA,NA,NA
52,1,3,57,1,1,1,7,9,1,2,3,"1,2",3,NA,20,30,3,1,50,2,3,NA,NA,12,NA,NA,NA,TRUE,TRUE,FALSE,FALSE,FALSE,FALSE,FALSE,NA,NA,NA,NA,NA
53,1,3,43,2,4,1,4,4,1,2,2,1,3,7C2301,19,35,3,1,NA,1,5,3700,100,5,2,NA,NA,TRUE,FALSE,FALSE,FALSE,FALSE,FALSE,FALSE,NA,NA,NA,NA,NA
54,1,3,21,2,1,1,4,4,1,2,0,1,3,7C2301,19,35,3,1,NA,1,5,NA,NA,8,NA,NA,NA,TRUE,FALSE,FALSE,FALSE,FALSE,FALSE,FALSE,NA,NA,NA,NA,NA
55,1,2,67,2,1,1,7,2,1,1,3,1,1,OZ3195,8,30,3,2,NA,1,4,1e4,65,7,4,NA,NA,TRUE,FALSE,FALSE,FALSE,FALSE,FALSE,FALSE,NA,NA,NA,NA,NA
56,1,2,66,1,1,1,6,8,2,1,1,1,1,NA,20,0,3,1,78,1,1,NA,NA,7,2,NA,NA,TRUE,FALSE,FALSE,FALSE,FALSE,FALSE,FALSE,NA,NA,NA,NA,NA
57,1,3,29,1,1,1,6,1,3,2,3,3,2,NA,15,30,2,1,17,2,4,2e3,60,12,NA,NA,NA,FALSE,FALSE,TRUE,FALSE,FALSE,FALSE,FALSE,NA,NA,NA,NA,NA
58,1,1,30,2,1,1,5,2,5,2,122,1,3,KE643,14,20,2,1,64,2,8,48e3,90,12,NA,NA,NA,TRUE,FALSE,FALSE,FALSE,FALSE,FALSE,FALSE,NA,NA,NA,NA,NA
59,1,2,44,2,2,1,99,1,8,2,4,2,1,OZ349,12,30,2,1,31,1,1,NA,34,9,4,4,NA,FALSE,TRUE,FALSE,FALSE,FALSE,FALSE,FALSE,FALSE,FALSE,FALSE,TRUE,FALSE
60,1,3,36,1,1,1,5,1,4,2,3,"1,3",3,NA,NA,NA,2,1,NA,2,8,NA,60,1,3,4,NA,TRUE,FALSE,TRUE,FALSE,FALSE,FALSE,FALSE,FALSE,FALSE,FALSE,TRUE,FALSE
61,1,2,53,1,5,2,7,2,8,2,50,1,3,OZ741,18,30,3,1,75,1,8,NA,150,2,6,4,NA,TRUE,FALSE,FALSE,FALSE,FALSE,FALSE,FALSE,FALSE,FALSE,FALSE,TRUE,FALSE
62,1,4,47,1,1,1,2,3,1,2,0,1,2,NA,5,45,2,1,20,2,2,1050,40,12,NA,NA,NA,TRUE,FALSE,FALSE,FALSE,FALSE,FALSE,FALSE,NA,NA,NA,NA,NA
63,1,1,27,1,1,2,180,1,5,2,4,3,2,NA,18,30,3,1,67,2,8,5e4,NA,12,NA,NA,NA,FALSE,FALSE,TRUE,FALSE,FALSE,FALSE,FALSE,NA,NA,NA,NA,NA
64,1,4,22,2,5,1,5,1,1,2,12,6,2,ZW893,17,45,2,1,19,2,5,NA,NA,12,NA,NA,NA,FALSE,FALSE,FALSE,FALSE,FALSE,TRUE,FALSE,NA,NA,NA,NA,NA
65,1,3,28,1,1,1,6,5,3,2,0,1,3,7C2201,20,5,3,1,38,2,3,1100,20,12,NA,NA,NA,TRUE,FALSE,FALSE,FALSE,FALSE,FALSE,FALSE,NA,NA,NA,NA,NA
66,1,4,29,2,2,1,20,1,1,2,2,1,1,NA,19,10,3,1,30,1,5,6900,43,2,1,4,NA,TRUE,FALSE,FALSE,FALSE,FALSE,FALSE,FALSE,FALSE,FALSE,FALSE,TRUE,FALSE
67,1,1,47,1,1,1,5,2,3,2,3,1,3,KE687,19,0,3,1,NA,1,5,1200,40,4,5,1,7e3,TRUE,FALSE,FALSE,FALSE,FALSE,FALSE,FALSE,TRUE,FALSE,FALSE,FALSE,FALSE
68,1,1,38,1,1,1,4,3,1,2,3,5,2,NA,NA,NA,2,1,NA,1,2,3e3,5,2,3,NA,NA,FALSE,FALSE,FALSE,FALSE,TRUE,FALSE,FALSE,NA,NA,NA,NA,NA
69,1,NA,58,1,1,3,7,2,4,1,8,5,4,NA,NA,NA,2,1,180,3,2,6e3,20,12,NA,NA,NA,FALSE,FALSE,FALSE,FALSE,TRUE,FALSE,FALSE,NA,NA,NA,NA,NA
70,1,2,39,2,1,1,5,1,1,2,4,"3,6",2,OZ102,9,0,1,1,60,1,6,13e3,60,9,3,NA,NA,FALSE,FALSE,TRUE,FALSE,FALSE,TRUE,FALSE,NA,NA,NA,NA,NA
71,1,3,26,2,1,1,5,2,2,2,0,1,3,21,25,1,4,1,NA,1,5,1300,50,5,2,NA,NA,TRUE,FALSE,FALSE,FALSE,FALSE,FALSE,FALSE,NA,NA,NA,NA,NA
72,1,NA,23,2,1,1,7,2,3,1,0,1,3,NA,NA,NA,2,1,30,1,5,1050,30,3,2,NA,NA,TRUE,FALSE,FALSE,FALSE,FALSE,FALSE,FALSE,NA,NA,NA,NA,NA
73,1,2,28,1,1,2,3,2,1,2,2,3,2,NA,NA,NA,2,1,NA,1,5,1150,30,2,3,NA,NA,FALSE,FALSE,TRUE,FALSE,FALSE,FALSE,FALSE,NA,NA,NA,NA,NA
74,1,3,22,2,1,1,7,1,6,2,1,"2,3",3,7C2301,7,35,3,1,24,1,1,NA,NA,8,7,NA,NA,FALSE,TRUE,TRUE,FALSE,FALSE,FALSE,FALSE,NA,NA,NA,NA,NA
75,1,1,34,1,2,2,30,1,5,2,12,2,1,KE607,19,45,3,1,NA,3,4,NA,NA,2,2,NA,NA,FALSE,TRUE,FALSE,FALSE,FALSE,FALSE,FALSE,NA,NA,NA,NA,NA
76,1,2,40,1,1,2,15,1,4,2,3,2,1,OZ365,14,0,2,1,NA,3,2,11e3,10,12,NA,NA,NA,FALSE,TRUE,FALSE,FALSE,FALSE,FALSE,FALSE,NA,NA,NA,NA,NA
77,1,3,22,2,4,3,7,1,6,2,2,1,3,7C2301,7,35,3,1,24,3,8,NA,NA,12,NA,NA,NA,TRUE,FALSE,FALSE,FALSE,FALSE,FALSE,FALSE,NA,NA,NA,NA,NA
78,1,3,33,1,1,1,6,1,3,2,1,4,3,NA,16,NA,2,1,40,2,5,1050,60,12,NA,NA,NA,FALSE,FALSE,FALSE,TRUE,FALSE,FALSE,FALSE,NA,NA,NA,NA,NA
79,1,3,29,2,1,1,5,0,3,2,1,1,3,NA,16,NA,2,1,40,1,5,1050,60,2,NA,NA,NA,TRUE,FALSE,FALSE,FALSE,FALSE,FALSE,FALSE,NA,NA,NA,NA,NA
80,1,2,43,1,1,1,4,3,1,1,1,1,3,NA,NA,NA,2,1,NA,2,3,NA,NA,12,NA,NA,NA,TRUE,FALSE,FALSE,FALSE,FALSE,FALSE,FALSE,NA,NA,NA,NA,NA
81,1,4,41,1,1,4,8,10,5,2,5,6,1,NA,13,40,2,2,120,3,1,NA,10,12,NA,NA,NA,FALSE,FALSE,FALSE,FALSE,FALSE,TRUE,FALSE,NA,NA,NA,NA,NA
82,1,NA,25,2,1,1,5,1,5,1,0,1,3,NA,13,25,2,1,NA,3,2,17e3,NA,12,NA,NA,NA,TRUE,FALSE,FALSE,FALSE,FALSE,FALSE,FALSE,NA,NA,NA,NA,NA
83,1,NA,27,2,1,1,5,1,5,1,0,1,3,NA,13,25,2,1,NA,3,2,17e3,NA,12,NA,NA,NA,TRUE,FALSE,FALSE,FALSE,FALSE,FALSE,FALSE,NA,NA,NA,NA,NA
84,1,1,30,1,1,1,5,1,5,2,10,2,3,KE643,14,20,2,1,65,3,1,1800,30,12,NA,NA,NA,FALSE,TRUE,FALSE,FALSE,FALSE,FALSE,FALSE,NA,NA,NA,NA,NA
85,1,2,50,2,1,1,99,1,8,2,0,1,2,OZ134,14,0,2,1,23,1,1,NA,NA,9,5,NA,NA,TRUE,FALSE,FALSE,FALSE,FALSE,FALSE,FALSE,NA,NA,NA,NA,NA
86,1,2,31,1,1,2,30,0,1,2,5,2,1,NA,12,40,2,1,54,1,2,3e3,15,3,3,NA,NA,FALSE,TRUE,FALSE,FALSE,FALSE,FALSE,FALSE,NA,NA,NA,NA,NA
87,1,1,34,1,1,2,99,0,1,2,6,"2,4",1,NA,13,5,2,1,20,1,1,NA,NA,1,7,4,NA,FALSE,TRUE,FALSE,TRUE,FALSE,FALSE,FALSE,FALSE,FALSE,FALSE,TRUE,FALSE
88,1,4,47,1,1,1,5,3,1,1,2,1,3,965,13,35,2,1,NA,2,2,13300,45,12,NA,NA,NA,TRUE,FALSE,FALSE,FALSE,FALSE,FALSE,FALSE,NA,NA,NA,NA,NA
89,1,NA,61,2,1,1,5,27,1,1,0,2,1,NA,NA,NA,2,1,154,2,3,NA,15,12,NA,NA,NA,FALSE,TRUE,FALSE,FALSE,FALSE,FALSE,FALSE,NA,NA,NA,NA,NA
90,1,1,40,1,1,1,5,10,3,2,0,6,3,NA,NA,NA,2,3,NA,1,7,4300,53,2,2,2,NA,FALSE,FALSE,FALSE,FALSE,FALSE,TRUE,FALSE,FALSE,TRUE,FALSE,FALSE,FALSE
91,1,3,30,2,1,1,7,3,1,2,3,1,3,NA,20,5,3,1,60,1,3,3e3,15,2,3,4,NA,TRUE,FALSE,FALSE,FALSE,FALSE,FALSE,FALSE,FALSE,FALSE,FALSE,TRUE,FALSE
92,1,2,32,1,1,1,5,2,4,2,1,1,3,OZ751,16,0,2,2,75,2,8,NA,NA,12,NA,NA,NA,TRUE,FALSE,FALSE,FALSE,FALSE,FALSE,FALSE,NA,NA,NA,NA,NA
93,1,4,45,1,1,1,5,1,7,2,0,1,3,8B0964,13,35,2,1,61,3,8,6e3,120,12,NA,NA,NA,TRUE,FALSE,FALSE,FALSE,FALSE,FALSE,FALSE,NA,NA,NA,NA,NA
94,1,4,40,2,1,1,5,1,7,2,2,1,3,8B0964,13,35,2,1,61,3,8,6e3,120,12,NA,NA,NA,TRUE,FALSE,FALSE,FALSE,FALSE,FALSE,FALSE,NA,NA,NA,NA,NA
95,1,4,39,1,1,1,0,5,5,2,0,1,3,8B0964,13,25,2,2,30,3,2,1e4,30,12,NA,NA,NA,TRUE,FALSE,FALSE,FALSE,FALSE,FALSE,FALSE,NA,NA,NA,NA,NA
96,1,4,37,1,1,1,6,5,5,2,5,1,3,8B0964,13,25,2,1,41,3,5,1100,30,12,NA,NA,NA,TRUE,FALSE,FALSE,FALSE,FALSE,FALSE,FALSE,NA,NA,NA,NA,NA
97,1,2,44,1,1,2,15,1,1,2,80,2,1,OZ307,14,20,2,2,NA,2,2,13e3,45,12,NA,NA,NA,FALSE,TRUE,FALSE,FALSE,FALSE,FALSE,FALSE,NA,NA,NA,NA,NA
98,1,2,30,2,1,1,5,2,4,2,1,1,3,OZ751,16,10,2,2,75,2,8,14e3,40,12,NA,NA,NA,TRUE,FALSE,FALSE,FALSE,FALSE,FALSE,FALSE,NA,NA,NA,NA,NA
99,1,4,49,1,1,1,4,2,8,1,0,1,3,7C2203,20,40,3,3,NA,1,5,2700,40,3,2,4,NA,TRUE,FALSE,FALSE,FALSE,FALSE,FALSE,FALSE,FALSE,FALSE,FALSE,TRUE,FALSE
100,1,1,50,2,1,1,7,2,2,2,0,1,3,KE659,20,20,3,1,NA,1,5,NA,30,9,4,4,NA,TRUE,FALSE,FALSE,FALSE,FALSE,FALSE,FALSE,FALSE,FALSE,FALSE,TRUE,FALSE
101,1,4,52,2,1,4,99,0,8,2,0,1,3,5J195,21,35,4,1,27,1,6,15e3,100,9,1,1,NA,TRUE,FALSE,FALSE,FALSE,FALSE,FALSE,FALSE,TRUE,FALSE,FALSE,FALSE,FALSE
102,1,4,54,2,1,1,5,26,3,1,2,1,3,7C2201,20,NA,3,1,3,2,2,2500,NA,12,NA,NA,NA,TRUE,FALSE,FALSE,FALSE,FALSE,FALSE,FALSE,NA,NA,NA,NA,NA
103,1,2,55,2,1,1,6,4,1,1,0,1,1,OZ749,20,10,3,1,NA,2,5,NA,NA,12,NA,NA,NA,TRUE,FALSE,FALSE,FALSE,FALSE,FALSE,FALSE,NA,NA,NA,NA,NA
104,1,1,60,2,1,1,5,2,3,2,1,1,3,KE659,20,20,3,1,NA,1,6,NA,NA,11,1,4,NA,TRUE,FALSE,FALSE,FALSE,FALSE,FALSE,FALSE,FALSE,FALSE,FALSE,TRUE,FALSE
105,1,1,62,1,1,1,5,2,3,2,1,1,3,KE659,20,20,3,1,NA,1,6,NA,120,11,1,4,NA,TRUE,FALSE,FALSE,FALSE,FALSE,FALSE,FALSE,FALSE,FALSE,FALSE,TRUE,FALSE
106,1,4,64,2,1,1,5,26,3,1,2,1,3,7C2201,20,0,3,1,3,2,2,2500,NA,12,NA,NA,NA,TRUE,FALSE,FALSE,FALSE,FALSE,FALSE,FALSE,NA,NA,NA,NA,NA
107,1,3,27,2,1,1,5,4,1,2,4,1,3,LJ001,17,20,2,1,60,1,6,15e3,60,12,2,1,24e3,TRUE,FALSE,FALSE,FALSE,FALSE,FALSE,FALSE,TRUE,FALSE,FALSE,FALSE,FALSE
108,1,3,25,2,1,1,5,4,1,2,0,2,3,LJ001,17,20,2,1,53,1,6,13e3,60,3,NA,NA,NA,FALSE,TRUE,FALSE,FALSE,FALSE,FALSE,FALSE,NA,NA,NA,NA,NA
109,1,3,24,2,1,1,5,1,3,2,2,1,3,ZE511,17,30,2,1,50,1,6,12e3,100,2,4,NA,NA,TRUE,FALSE,FALSE,FALSE,FALSE,FALSE,FALSE,NA,NA,NA,NA,NA
110,1,3,28,1,1,1,6,2,1,2,2,5,3,ZE511,17,30,2,1,23,1,6,14e3,60,2,7,NA,NA,FALSE,FALSE,FALSE,FALSE,TRUE,FALSE,FALSE,NA,NA,NA,NA,NA
111,1,3,29,1,1,1,3,3,2,2,1,1,3,7C2301,19,35,3,1,30,1,5,NA,NA,2,2,4,NA,TRUE,FALSE,FALSE,FALSE,FALSE,FALSE,FALSE,FALSE,FALSE,FALSE,TRUE,FALSE
112,1,2,25,2,1,1,3,12,1,1,0,7,3,OZ757,20,20,3,1,NA,1,6,15e3,160,5,NA,NA,NA,FALSE,FALSE,FALSE,FALSE,FALSE,FALSE,TRUE,NA,NA,NA,NA,NA
113,1,1,39,1,1,2,9,1,3,2,1,2,4,KE655,11,30,3,1,100,2,8,3e3,60,12,NA,NA,NA,FALSE,TRUE,FALSE,FALSE,FALSE,FALSE,FALSE,NA,NA,NA,NA,NA
114,1,4,30,1,1,2,2,1,6,2,3,1,3,CX411,15,15,2,1,60,3,2,NA,NA,12,NA,NA,NA,TRUE,FALSE,FALSE,FALSE,FALSE,FALSE,FALSE,NA,NA,NA,NA,NA
115,1,3,36,1,1,1,3,3,2,2,3,3,3,7C2301,19,35,3,1,30,2,3,1100,NA,12,NA,NA,NA,FALSE,FALSE,TRUE,FALSE,FALSE,FALSE,FALSE,NA,NA,NA,NA,NA
116,1,1,31,1,1,1,5,1,1,2,0,"1,4",3,KE687,19,0,3,1,62,1,6,1e4,60,2,4,1,8e3,TRUE,FALSE,FALSE,TRUE,FALSE,FALSE,FALSE,TRUE,FALSE,FALSE,FALSE,FALSE
117,1,3,30,1,1,1,4,3,1,2,2,3,3,7C2301,19,35,3,2,NA,2,8,NA,90,2,5,1,NA,FALSE,FALSE,TRUE,FALSE,FALSE,FALSE,FALSE,TRUE,FALSE,FALSE,FALSE,FALSE
118,1,1,36,1,1,2,150,0,5,2,3,4,4,KE061,21,35,4,1,150,2,2,4600,10,12,NA,NA,NA,FALSE,FALSE,FALSE,TRUE,FALSE,FALSE,FALSE,NA,NA,NA,NA,NA
119,1,2,31,2,1,1,15,2,8,2,0,3,2,OZ178,21,0,4,1,NA,1,1,NA,NA,2,3,NA,NA,FALSE,FALSE,TRUE,FALSE,FALSE,FALSE,FALSE,NA,NA,NA,NA,NA
120,1,2,37,2,1,1,5,4,3,1,2,3,1,OZ0323,20,0,3,1,41,1,6,12e3,90,3,2,2,NA,FALSE,FALSE,TRUE,FALSE,FALSE,FALSE,FALSE,FALSE,TRUE,FALSE,FALSE,FALSE
121,1,1,43,1,1,2,9,2,3,2,1,"2,3",4,KE655,19,30,3,1,120,1,6,NA,NA,2,3,NA,NA,FALSE,TRUE,TRUE,FALSE,FALSE,FALSE,FALSE,NA,NA,NA,NA,NA
122,1,3,45,1,1,1,5,1,4,2,1,"1,2",3,7C2301,19,35,3,1,35,2,8,NA,NA,12,NA,NA,NA,TRUE,TRUE,FALSE,FALSE,FALSE,FALSE,FALSE,NA,NA,NA,NA,NA
123,1,1,42,2,1,1,5,3,1,1,0,1,3,KE651,5,40,2,1,50,2,2,2400,10,12,NA,NA,NA,TRUE,FALSE,FALSE,FALSE,FALSE,FALSE,FALSE,NA,NA,NA,NA,NA
124,1,2,44,1,1,4,10,0,1,2,2,1,3,OZ703,19,50,3,1,55,1,6,9e3,40,2,NA,4,NA,TRUE,FALSE,FALSE,FALSE,FALSE,FALSE,FALSE,FALSE,FALSE,FALSE,TRUE,FALSE
125,1,4,55,1,1,2,5,1,8,2,2,2,1,CX419,20,5,3,1,NA,1,6,NA,NA,2,NA,NA,NA,FALSE,TRUE,FALSE,FALSE,FALSE,FALSE,FALSE,NA,NA,NA,NA,NA
126,1,4,52,1,1,2,5,1,2,2,3,2,1,CX419,20,5,3,1,NA,1,5,NA,NA,2,4,NA,NA,FALSE,TRUE,FALSE,FALSE,FALSE,FALSE,FALSE,NA,NA,NA,NA,NA
127,1,1,50,1,1,1,365,2,8,1,0,2,2,KE719,20,55,3,1,NA,1,9,NA,NA,2,NA,4,NA,FALSE,TRUE,FALSE,FALSE,FALSE,FALSE,FALSE,FALSE,FALSE,FALSE,TRUE,FALSE
128,1,4,69,2,1,1,12,2,1,2,2,1,4,NA,22,0,4,2,NA,1,1,NA,60,9,7,NA,NA,TRUE,FALSE,FALSE,FALSE,FALSE,FALSE,FALSE,NA,NA,NA,NA,NA
129,1,1,30,1,1,1,6,2,1,1,4,5,4,KE629,18,0,3,1,NA,1,2,11e3,30,2,3,1,3e3,FALSE,FALSE,FALSE,FALSE,TRUE,FALSE,FALSE,TRUE,FALSE,FALSE,FALSE,FALSE
130,1,2,30,2,1,1,6,2,1,2,0,7,3,OZ709,20,20,3,1,NA,1,3,NA,NA,2,3,NA,NA,FALSE,FALSE,FALSE,FALSE,FALSE,FALSE,TRUE,NA,NA,NA,NA,NA
131,1,2,32,1,1,1,6,2,1,2,1,7,3,OZ709,20,20,3,1,NA,1,3,NA,NA,2,3,NA,NA,FALSE,FALSE,FALSE,FALSE,FALSE,FALSE,TRUE,NA,NA,NA,NA,NA
132,1,4,47,2,1,1,4,2,8,1,0,1,3,7C2203,20,40,3,3,NA,1,5,2700,40,9,NA,4,NA,TRUE,FALSE,FALSE,FALSE,FALSE,FALSE,FALSE,FALSE,FALSE,FALSE,TRUE,FALSE
133,1,1,47,2,1,1,6,2,8,2,0,7,3,KE623,20,5,3,1,NA,3,5,NA,NA,2,4,4,NA,FALSE,FALSE,FALSE,FALSE,FALSE,FALSE,TRUE,FALSE,FALSE,FALSE,TRUE,FALSE
134,1,2,47,2,1,1,4,4,1,1,1,1,3,OZ3195,20,30,3,1,NA,1,5,NA,NA,9,3,NA,NA,TRUE,FALSE,FALSE,FALSE,FALSE,FALSE,FALSE,NA,NA,NA,NA,NA
135,1,3,37,1,4,4,99,0,8,2,1,1,3,CJ003,21,40,4,1,65,2,1,NA,NA,12,NA,NA,NA,TRUE,FALSE,FALSE,FALSE,FALSE,FALSE,FALSE,NA,NA,NA,NA,NA
136,1,4,24,2,1,1,5,2,1,2,2,"1,4,5",3,Z2,8,30,1,1,56,2,2,3300,10,12,NA,NA,NA,TRUE,FALSE,FALSE,TRUE,TRUE,FALSE,FALSE,NA,NA,NA,NA,NA
137,1,1,33,1,2,2,10,2,1,2,4,"1,2,3",1,NA,7,45,3,2,NA,1,1,1e4,NA,1,2,NA,NA,TRUE,TRUE,TRUE,FALSE,FALSE,FALSE,FALSE,NA,NA,NA,NA,NA
138,1,1,30,1,1,2,7,1,3,1,9,6,3,KE631,20,35,3,1,53,1,9,35e4,80,12,3,1,7e4,FALSE,FALSE,FALSE,FALSE,FALSE,TRUE,FALSE,TRUE,FALSE,FALSE,FALSE,FALSE
139,1,3,30,1,1,1,6,1,3,2,1,3,3,7C2203,20,40,3,1,40,1,6,1e4,60,2,3,NA,NA,FALSE,FALSE,TRUE,FALSE,FALSE,FALSE,FALSE,NA,NA,NA,NA,NA
140,1,1,50,2,1,1,7,2,3,2,2,1,3,NA,9,45,1,1,NA,1,1,NA,NA,3,NA,NA,NA,TRUE,FALSE,FALSE,FALSE,FALSE,FALSE,FALSE,NA,NA,NA,NA,NA
141,1,1,35,1,1,2,6,2,1,2,0,1,4,KE6221,14,5,2,1,222,2,1,NA,15,12,NA,NA,NA,TRUE,FALSE,FALSE,FALSE,FALSE,FALSE,FALSE,NA,NA,NA,NA,NA
142,1,2,43,1,1,4,6,7,5,2,2,1,3,NA,7,5,3,1,57,4,2,1e4,20,12,NA,NA,NA,TRUE,FALSE,FALSE,FALSE,FALSE,FALSE,FALSE,NA,NA,NA,NA,NA
143,1,2,27,2,5,1,5,8,8,2,5,6,4,OZ601,8,10,3,1,14,1,5,NA,120,3,2,NA,NA,FALSE,FALSE,FALSE,FALSE,FALSE,TRUE,FALSE,NA,NA,NA,NA,NA
144,1,3,32,1,1,1,5,1,5,2,1,5,3,NA,20,40,3,1,64,1,8,8e3,40,4,1,NA,NA,FALSE,FALSE,FALSE,FALSE,TRUE,FALSE,FALSE,NA,NA,NA,NA,NA
145,1,3,33,1,1,1,7,1,2,2,2,1,3,NA,19,35,3,1,30,1,8,8e3,NA,2,3,4,NA,TRUE,FALSE,FALSE,FALSE,FALSE,FALSE,FALSE,FALSE,FALSE,FALSE,TRUE,FALSE
146,1,2,36,1,4,2,180,1,5,2,2,1,3,NA,19,15,3,1,NA,2,2,NA,NA,12,NA,NA,NA,TRUE,FALSE,FALSE,FALSE,FALSE,FALSE,FALSE,NA,NA,NA,NA,NA
147,1,3,33,1,4,1,5,2,1,2,3,1,3,NA,21,40,4,1,50,1,6,15e3,60,2,3,1,3e4,TRUE,FALSE,FALSE,FALSE,FALSE,FALSE,FALSE,TRUE,FALSE,FALSE,FALSE,FALSE
148,1,4,30,1,4,1,5,2,1,1,1,1,3,J195,21,35,4,1,30,2,1,7e3,40,12,NA,NA,NA,TRUE,FALSE,FALSE,FALSE,FALSE,FALSE,FALSE,NA,NA,NA,NA,NA
149,1,4,29,1,4,1,6,2,2,2,1,1,3,J195,21,30,4,1,30,1,6,2300,30,5,5,4,NA,TRUE,FALSE,FALSE,FALSE,FALSE,FALSE,FALSE,FALSE,FALSE,FALSE,TRUE,FALSE
150,1,2,22,1,4,3,150,0,4,2,0,1,3,NA,21,0,4,1,50,1,4,NA,NA,8,NA,NA,NA,TRUE,FALSE,FALSE,FALSE,FALSE,FALSE,FALSE,NA,NA,NA,NA,NA
151,1,1,44,1,1,2,3,0,5,2,2,1,3,KE471,NA,NA,3,1,89,2,8,5e4,390,12,NA,NA,NA,TRUE,FALSE,FALSE,FALSE,FALSE,FALSE,FALSE,NA,NA,NA,NA,NA
152,1,1,54,1,1,1,5,2,4,2,0,7,1,NA,21,NA,4,1,NA,1,7,6800,65,12,NA,NA,NA,FALSE,FALSE,FALSE,FALSE,FALSE,FALSE,TRUE,NA,NA,NA,NA,NA
153,1,2,40,2,1,1,5,2,1,2,0,1,3,OZ747,19,50,3,1,NA,2,5,1050,25,12,NA,NA,NA,TRUE,FALSE,FALSE,FALSE,FALSE,FALSE,FALSE,NA,NA,NA,NA,NA
154,1,2,42,1,1,1,5,2,1,2,1,1,3,OZ747,19,50,3,1,NA,1,7,6900,40,12,2,NA,NA,TRUE,FALSE,FALSE,FALSE,FALSE,FALSE,FALSE,NA,NA,NA,NA,NA
155,1,4,44,1,5,1,10,1,8,2,2,4,4,NA,16,50,2,2,50,1,8,NA,NA,1,6,1,2e5,FALSE,FALSE,FALSE,TRUE,FALSE,FALSE,FALSE,TRUE,FALSE,FALSE,FALSE,FALSE
156,1,1,31,2,1,2,5,1,1,2,5,5,3,NA,17,20,2,1,60,1,7,8e3,NA,2,4,NA,NA,FALSE,FALSE,FALSE,FALSE,TRUE,FALSE,FALSE,NA,NA,NA,NA,NA
157,1,1,21,1,1,1,9,0,1,2,2,1,3,NA,17,20,2,1,60,1,7,NA,NA,8,NA,NA,NA,TRUE,FALSE,FALSE,FALSE,FALSE,FALSE,FALSE,NA,NA,NA,NA,NA
158,1,4,44,1,4,1,4,4,5,1,2,1,3,NA,18,0,3,1,50,1,8,56e3,NA,3,3,NA,NA,TRUE,FALSE,FALSE,FALSE,FALSE,FALSE,FALSE,NA,NA,NA,NA,NA
159,1,3,24,2,1,1,5,2,5,1,1,1,3,NA,20,5,3,1,NA,2,8,38e3,120,5,2,NA,NA,TRUE,FALSE,FALSE,FALSE,FALSE,FALSE,FALSE,NA,NA,NA,NA,NA
160,1,2,52,2,1,1,5,4,1,1,2,1,3,NA,17,0,2,1,70,1,2,9e3,15,8,NA,NA,NA,TRUE,FALSE,FALSE,FALSE,FALSE,FALSE,FALSE,NA,NA,NA,NA,NA
161,1,3,71,2,5,1,7,3,1,2,2,5,3,NA,8,5,3,1,50,2,1,NA,NA,12,NA,NA,NA,FALSE,FALSE,FALSE,FALSE,TRUE,FALSE,FALSE,NA,NA,NA,NA,NA
162,1,2,54,2,1,4,3,0,8,2,4,3,2,NA,6,50,3,1,50,1,2,NA,NA,9,7,2,1e5,FALSE,FALSE,TRUE,FALSE,FALSE,FALSE,FALSE,FALSE,TRUE,FALSE,FALSE,FALSE
163,1,2,37,2,4,2,5,2,1,2,3,1,3,OZ2757,20,20,3,1,76,1,6,24e3,90,2,6,1,2e5,TRUE,FALSE,FALSE,FALSE,FALSE,FALSE,FALSE,TRUE,FALSE,FALSE,FALSE,FALSE
164,1,2,37,1,1,2,60,1,3,2,10,2,1,OZ367,20,NA,3,1,30,2,3,1050,30,12,NA,NA,NA,FALSE,TRUE,FALSE,FALSE,FALSE,FALSE,FALSE,NA,NA,NA,NA,NA
165,1,2,41,2,1,1,6,2,1,2,0,1,3,NA,7,55,3,1,36,1,2,2500,10,7,2,NA,NA,TRUE,FALSE,FALSE,FALSE,FALSE,FALSE,FALSE,NA,NA,NA,NA,NA
166,1,3,27,1,1,1,6,1,1,2,1,1,3,LJ015,19,20,3,1,40,1,6,11e3,20,1,2,1,5e3,TRUE,FALSE,FALSE,FALSE,FALSE,FALSE,FALSE,TRUE,FALSE,FALSE,FALSE,FALSE
167,1,3,28,2,1,1,5,1,1,2,3,4,3,7C2302,19,35,3,1,31,2,3,1050,15,12,NA,NA,NA,FALSE,FALSE,FALSE,TRUE,FALSE,FALSE,FALSE,NA,NA,NA,NA,NA
168,1,3,29,2,4,1,5,2,1,2,3,1,3,7C2302,19,35,3,1,31,1,2,4300,15,2,6,1,29434,TRUE,FALSE,FALSE,FALSE,FALSE,FALSE,FALSE,TRUE,FALSE,FALSE,FALSE,FALSE
169,1,1,56,2,3,1,8,2,8,2,1,3,2,KE0001,17,40,2,2,260,2,1,NA,NA,12,4,NA,NA,FALSE,FALSE,TRUE,FALSE,FALSE,FALSE,FALSE,NA,NA,NA,NA,NA
170,1,2,59,2,1,1,30,1,1,2,3,1,3,NA,19,10,3,1,50,2,2,1e4,NA,12,NA,NA,NA,TRUE,FALSE,FALSE,FALSE,FALSE,FALSE,FALSE,NA,NA,NA,NA,NA
171,1,1,30,2,1,1,6,3,1,2,2,"1,3",3,KE0051,17,40,2,1,50,1,6,15e3,NA,2,5,1,5e3,TRUE,FALSE,TRUE,FALSE,FALSE,FALSE,FALSE,TRUE,FALSE,FALSE,FALSE,FALSE
172,1,1,28,2,4,1,6,2,5,2,1,1,3,KE631,8,35,3,1,45,2,8,24e3,110,12,NA,NA,NA,TRUE,FALSE,FALSE,FALSE,FALSE,FALSE,FALSE,NA,NA,NA,NA,NA
173,1,1,21,2,1,3,10,0,8,2,3,2,1,KE895,19,15,3,1,45,1,2,14e3,35,8,6,1,9030,FALSE,TRUE,FALSE,FALSE,FALSE,FALSE,FALSE,TRUE,FALSE,FALSE,FALSE,FALSE
174,1,3,29,2,1,1,7,1,1,2,2,6,3,7C2301,19,35,3,1,56,2,2,2700,5,12,NA,NA,NA,FALSE,FALSE,FALSE,FALSE,FALSE,TRUE,FALSE,NA,NA,NA,NA,NA
175,1,1,26,1,1,1,5,2,1,2,2,2,1,KE5885,16,33,2,1,28,2,1,NA,20,12,NA,NA,NA,FALSE,TRUE,FALSE,FALSE,FALSE,FALSE,FALSE,NA,NA,NA,NA,NA
176,1,1,25,2,1,1,60,2,1,2,2,1,3,KE622,8,10,2,1,NA,2,2,5e3,15,12,NA,NA,NA,TRUE,FALSE,FALSE,FALSE,FALSE,FALSE,FALSE,NA,NA,NA,NA,NA
177,1,4,37,2,1,1,10,1,1,2,3,5,3,PR469,20,45,3,1,53,2,5,1200,30,12,NA,NA,NA,FALSE,FALSE,FALSE,FALSE,TRUE,FALSE,FALSE,NA,NA,NA,NA,NA
178,1,3,33,1,1,1,7,2,3,2,0,3,3,7C2301,19,35,3,1,56,2,3,2e3,60,12,NA,NA,NA,FALSE,FALSE,TRUE,FALSE,FALSE,FALSE,FALSE,NA,NA,NA,NA,NA
179,1,3,34,NA,1,1,7,1,3,2,2,1,3,7C2401,21,55,4,1,53,2,3,2e3,60,12,NA,NA,NA,TRUE,FALSE,FALSE,FALSE,FALSE,FALSE,FALSE,NA,NA,NA,NA,NA
180,1,3,35,2,1,1,5,2,1,2,1,1,3,7C2401,21,55,4,1,58,2,1,NA,NA,12,NA,NA,NA,TRUE,FALSE,FALSE,FALSE,FALSE,FALSE,FALSE,NA,NA,NA,NA,NA
181,1,2,45,1,1,2,5,0,1,2,7,1,3,OZ6763,21,20,4,2,NA,1,6,15e3,70,1,6,NA,NA,TRUE,FALSE,FALSE,FALSE,FALSE,FALSE,FALSE,NA,NA,NA,NA,NA
182,1,4,41,1,1,1,10,0,1,2,3,5,3,PR469,20,45,3,1,53,2,5,1200,30,12,NA,NA,NA,FALSE,FALSE,FALSE,FALSE,TRUE,FALSE,FALSE,NA,NA,NA,NA,NA
183,1,1,47,1,1,1,16,0,1,2,3,1,3,NA,17,50,2,1,69,1,2,4e3,10,7,4,1,72e3,TRUE,FALSE,FALSE,FALSE,FALSE,FALSE,FALSE,TRUE,FALSE,FALSE,FALSE,FALSE
184,1,1,55,2,1,1,5,2,3,2,2,2,1,KE5885,16,33,2,1,28,2,3,2e3,30,12,NA,NA,NA,FALSE,TRUE,FALSE,FALSE,FALSE,FALSE,FALSE,NA,NA,NA,NA,NA
185,1,1,59,2,1,1,60,2,1,2,0,1,3,KE622,20,10,3,1,NA,2,2,5e3,15,12,NA,NA,NA,TRUE,FALSE,FALSE,FALSE,FALSE,FALSE,FALSE,NA,NA,NA,NA,NA
186,1,1,54,1,1,2,60,0,1,2,1,1,3,KE629,18,5,3,1,82,1,2,4e3,20,2,4,1,33054,TRUE,FALSE,FALSE,FALSE,FALSE,FALSE,FALSE,TRUE,FALSE,FALSE,FALSE,FALSE
187,1,3,63,2,1,1,5,2,1,2,1,1,3,7C2401,21,55,4,1,58,2,1,NA,NA,12,NA,NA,NA,TRUE,FALSE,FALSE,FALSE,FALSE,FALSE,FALSE,NA,NA,NA,NA,NA
188,1,NA,68,2,1,4,7,3,1,2,0,5,3,NA,20,5,3,1,50,2,2,2400,5,12,NA,NA,NA,FALSE,FALSE,FALSE,FALSE,TRUE,FALSE,FALSE,NA,NA,NA,NA,NA
189,1,3,80,2,1,1,7,3,1,2,0,1,3,NA,20,5,3,1,50,2,1,NA,NA,12,NA,NA,NA,TRUE,FALSE,FALSE,FALSE,FALSE,FALSE,FALSE,NA,NA,NA,NA,NA
190,1,2,35,1,1,1,12,1,1,2,5,1,3,OZ751,16,10,2,1,30,1,5,2e3,30,2,4,2,5e4,TRUE,FALSE,FALSE,FALSE,FALSE,FALSE,FALSE,FALSE,TRUE,FALSE,FALSE,FALSE
191,1,1,50,1,1,1,5,6,1,1,3,1,3,NA,20,20,3,2,50,1,5,NA,NA,5,6,1,8e4,TRUE,FALSE,FALSE,FALSE,FALSE,FALSE,FALSE,TRUE,FALSE,FALSE,FALSE,FALSE
192,1,2,62,1,1,1,7,1,2,2,0,2,1,OZ367,20,0,3,1,NA,1,1,NA,NA,2,5,NA,NA,FALSE,TRUE,FALSE,FALSE,FALSE,FALSE,FALSE,NA,NA,NA,NA,NA
193,1,2,19,1,1,1,6,8,2,1,0,1,1,NA,20,0,3,1,78,1,1,NA,60,8,3,4,NA,TRUE,FALSE,FALSE,FALSE,FALSE,FALSE,FALSE,FALSE,FALSE,FALSE,TRUE,FALSE
194,1,1,43,1,4,1,7,2,3,2,1,1,3,KE651,17,40,2,1,70,2,2,1e4,20,12,NA,NA,NA,TRUE,FALSE,FALSE,FALSE,FALSE,FALSE,FALSE,NA,NA,NA,NA,NA
195,1,4,30,1,1,1,7,1,1,2,2,1,1,CZ370,20,30,3,1,50,2,5,1e3,NA,12,NA,NA,NA,TRUE,FALSE,FALSE,FALSE,FALSE,FALSE,FALSE,NA,NA,NA,NA,NA
196,1,2,55,2,1,1,6,1,5,1,2,2,1,NA,8,30,3,2,66,2,8,5e4,NA,12,NA,NA,NA,FALSE,TRUE,FALSE,FALSE,FALSE,FALSE,FALSE,NA,NA,NA,NA,NA
197,1,1,35,1,1,1,5,2,5,2,1,1,3,KE631,20,35,3,1,45,2,8,24e3,65,12,NA,NA,NA,TRUE,FALSE,FALSE,FALSE,FALSE,FALSE,FALSE,NA,NA,NA,NA,NA
198,1,4,30,2,1,1,7,2,8,2,7,1,1,CZ370,20,30,3,2,50,1,5,NA,NA,2,3,4,NA,TRUE,FALSE,FALSE,FALSE,FALSE,FALSE,FALSE,FALSE,FALSE,FALSE,TRUE,FALSE
199,1,3,27,NA,1,1,15,0,1,2,0,1,3,040CT,19,35,3,1,40,1,5,2e3,NA,8,1,4,NA,TRUE,FALSE,FALSE,FALSE,FALSE,FALSE,FALSE,FALSE,FALSE,FALSE,TRUE,FALSE
200,1,4,42,1,1,1,3,3,1,2,2,5,2,JW892,17,45,2,1,20,1,1,NA,NA,2,5,NA,NA,FALSE,FALSE,FALSE,FALSE,TRUE,FALSE,FALSE,NA,NA,NA,NA,NA
201,1,1,67,2,1,1,6,1,5,2,1,3,3,NA,5,40,2,1,NA,1,8,5e4,180,7,2,4,NA,FALSE,FALSE,TRUE,FALSE,FALSE,FALSE,FALSE,FALSE,FALSE,FALSE,TRUE,FALSE
202,1,2,45,1,1,2,90,1,5,2,4,1,1,OZ377,17,0,2,1,45,2,1,1e4,60,12,NA,NA,NA,TRUE,FALSE,FALSE,FALSE,FALSE,FALSE,FALSE,NA,NA,NA,NA,NA
203,1,4,27,2,1,1,15,1,8,2,3,1,3,NA,6,5,2,1,50,2,2,8e3,30,12,NA,NA,NA,TRUE,FALSE,FALSE,FALSE,FALSE,FALSE,FALSE,NA,NA,NA,NA,NA
204,1,1,35,1,5,1,4,0,1,2,6,6,3,KE641,18,40,3,1,50,1,2,5900,10,4,4,2,NA,FALSE,FALSE,FALSE,FALSE,FALSE,TRUE,FALSE,FALSE,TRUE,FALSE,FALSE,FALSE
205,1,4,21,2,4,1,6,0,1,2,0,2,3,NA,11,45,4,1,27,2,3,1100,25,12,NA,NA,NA,FALSE,TRUE,FALSE,FALSE,FALSE,FALSE,FALSE,NA,NA,NA,NA,NA
206,1,1,23,2,4,4,100,1,1,2,2,1,3,KE631,20,35,3,1,56,1,6,16e3,60,8,5,4,NA,TRUE,FALSE,FALSE,FALSE,FALSE,FALSE,FALSE,FALSE,FALSE,FALSE,TRUE,FALSE
207,1,3,29,1,1,2,5,3,1,2,2,6,3,NA,NA,NA,1,1,40,1,2,6e3,20,2,4,NA,NA,FALSE,FALSE,FALSE,FALSE,FALSE,TRUE,FALSE,NA,NA,NA,NA,NA
208,1,4,43,2,1,1,20,2,3,1,3,1,1,FM828,18,10,3,1,35,2,4,NA,60,12,NA,NA,NA,TRUE,FALSE,FALSE,FALSE,FALSE,FALSE,FALSE,NA,NA,NA,NA,NA
209,1,4,52,2,1,1,6,12,3,1,1,1,3,NA,9,20,1,3,NA,2,2,8500,30,12,NA,NA,NA,TRUE,FALSE,FALSE,FALSE,FALSE,FALSE,FALSE,NA,NA,NA,NA,NA
210,1,3,43,2,1,1,5,3,3,2,1,"1,3",2,7C1402,15,30,2,1,11,1,1,3e4,90,7,4,1,65744,TRUE,FALSE,TRUE,FALSE,FALSE,FALSE,FALSE,TRUE,FALSE,FALSE,FALSE,FALSE
211,1,1,51,1,1,1,4,11,3,1,1,1,3,NA,17,40,2,1,NA,1,1,NA,NA,12,NA,1,428,TRUE,FALSE,FALSE,FALSE,FALSE,FALSE,FALSE,TRUE,FALSE,FALSE,FALSE,FALSE
212,1,NA,61,2,2,1,415,2,1,1,1,1,NA,NA,NA,NA,1,1,NA,2,5,3500,90,9,3,2,NA,TRUE,FALSE,FALSE,FALSE,FALSE,FALSE,FALSE,FALSE,TRUE,FALSE,FALSE,FALSE
213,1,1,22,2,1,1,10,0,1,2,1,6,1,NA,NA,NA,2,1,57,1,5,4500,80,3,3,4,NA,FALSE,FALSE,FALSE,FALSE,FALSE,TRUE,FALSE,FALSE,FALSE,FALSE,TRUE,FALSE
214,1,NA,NA,1,1,1,365,9,1,1,2,7,NA,NA,NA,NA,4,1,80,2,1,NA,NA,2,3,2,NA,FALSE,FALSE,FALSE,FALSE,FALSE,FALSE,TRUE,FALSE,TRUE,FALSE,FALSE,FALSE
215,1,4,30,2,1,1,15,3,3,2,2,1,3,NA,NA,NA,1,1,NA,1,5,NA,NA,2,2,NA,NA,TRUE,FALSE,FALSE,FALSE,FALSE,FALSE,FALSE,NA,NA,NA,NA,NA
216,1,2,23,2,1,1,37,10,1,2,2,3,2,NA,21,0,4,1,52,1,5,1200,60,8,2,4,NA,FALSE,FALSE,TRUE,FALSE,FALSE,FALSE,FALSE,FALSE,FALSE,FALSE,TRUE,FALSE
217,1,1,30,2,1,1,4,2,3,2,2,3,2,NA,NA,NA,4,1,NA,1,5,NA,NA,12,NA,NA,NA,FALSE,FALSE,TRUE,FALSE,FALSE,FALSE,FALSE,NA,NA,NA,NA,NA
218,1,2,37,2,1,1,10,3,3,1,1,1,3,OZ747,20,0,3,1,100,2,5,20,NA,12,NA,NA,NA,TRUE,FALSE,FALSE,FALSE,FALSE,FALSE,FALSE,NA,NA,NA,NA,NA
219,1,1,33,2,1,1,3,2,3,2,1,1,3,KE631,20,35,3,1,NA,1,6,NA,NA,12,2,NA,NA,TRUE,FALSE,FALSE,FALSE,FALSE,FALSE,FALSE,NA,NA,NA,NA,NA
220,1,2,29,2,2,1,20,1,3,1,0,2,1,OZ367,8,NA,3,1,52,1,1,NA,90,3,3,2,NA,FALSE,TRUE,FALSE,FALSE,FALSE,FALSE,FALSE,FALSE,TRUE,FALSE,FALSE,FALSE
221,1,1,50,2,1,1,4,2,3,2,4,"1,2",3,KE659,20,20,3,1,50,1,1,NA,60,5,4,1,14e4,TRUE,TRUE,FALSE,FALSE,FALSE,FALSE,FALSE,TRUE,FALSE,FALSE,FALSE,FALSE
222,1,2,25,2,1,3,99,1,3,2,1,3,2,OZ178,9,NA,4,1,30,2,3,1050,20,12,NA,NA,NA,FALSE,FALSE,TRUE,FALSE,FALSE,FALSE,FALSE,NA,NA,NA,NA,NA
223,1,4,23,1,1,3,365,1,1,2,1,2,1,NA,18,50,3,1,NA,1,5,NA,80,8,3,NA,NA,FALSE,TRUE,FALSE,FALSE,FALSE,FALSE,FALSE,NA,NA,NA,NA,NA
224,1,1,20,2,1,1,15,1,3,2,1,3,2,KKE719,20,55,3,1,36,2,3,1050,30,12,NA,NA,NA,FALSE,FALSE,TRUE,FALSE,FALSE,FALSE,FALSE,NA,NA,NA,NA,NA
225,1,2,27,2,1,1,5,2,1,2,1,1,3,OZ757,20,20,3,1,NA,2,5,NA,NA,12,NA,NA,NA,TRUE,FALSE,FALSE,FALSE,FALSE,FALSE,FALSE,NA,NA,NA,NA,NA
226,1,2,22,2,1,1,8,4,6,2,1,1,1,OZ3195,20,30,3,1,40,1,4,NA,390,8,2,NA,NA,TRUE,FALSE,FALSE,FALSE,FALSE,FALSE,FALSE,NA,NA,NA,NA,NA
227,1,2,62,2,1,1,3,6,3,1,1,1,1,OZ367,20,0,3,1,NA,1,9,NA,NA,9,1,NA,NA,TRUE,FALSE,FALSE,FALSE,FALSE,FALSE,FALSE,NA,NA,NA,NA,NA
228,1,4,53,2,1,1,7,4,3,1,1,1,3,TG657,NA,NA,4,1,50,1,1,NA,90,2,2,1,1500,TRUE,FALSE,FALSE,FALSE,FALSE,FALSE,FALSE,TRUE,FALSE,FALSE,FALSE,FALSE
229,1,1,41,2,1,1,4,3,3,1,1,1,3,KE659,20,20,3,1,NA,1,5,NA,NA,12,2,1,34e3,TRUE,FALSE,FALSE,FALSE,FALSE,FALSE,FALSE,TRUE,FALSE,FALSE,FALSE,FALSE
230,1,4,52,2,1,1,7,4,1,1,1,1,3,TG657,NA,NA,4,1,50,1,1,NA,90,7,2,1,12e4,TRUE,FALSE,FALSE,FALSE,FALSE,FALSE,FALSE,TRUE,FALSE,FALSE,FALSE,FALSE
231,1,2,60,2,1,1,3,4,3,1,1,1,1,OZ749,20,10,3,1,NA,1,5,NA,120,9,1,NA,NA,TRUE,FALSE,FALSE,FALSE,FALSE,FALSE,FALSE,NA,NA,NA,NA,NA
232,1,4,41,2,1,1,4,3,3,2,3,"1,2,3",3,PR469,20,45,3,1,20,3,2,NA,NA,12,NA,NA,NA,TRUE,TRUE,TRUE,FALSE,FALSE,FALSE,FALSE,NA,NA,NA,NA,NA
233,1,4,45,1,1,2,14,2,2,2,6,"2,3",1,CA5024,20,0,3,1,34,1,2,NA,NA,5,3,4,NA,FALSE,TRUE,TRUE,FALSE,FALSE,FALSE,FALSE,FALSE,FALSE,FALSE,TRUE,FALSE
234,1,2,37,1,1,1,10,5,1,2,3,1,3,OZ709,8,20,4,1,40,1,1,NA,50,1,3,2,4e4,TRUE,FALSE,FALSE,FALSE,FALSE,FALSE,FALSE,FALSE,TRUE,FALSE,FALSE,FALSE
235,1,2,22,1,1,3,180,0,1,2,0,7,1,OZ307,20,0,3,1,NA,2,5,NA,NA,8,3,4,NA,FALSE,FALSE,FALSE,FALSE,FALSE,FALSE,TRUE,FALSE,FALSE,FALSE,TRUE,FALSE
236,1,2,25,2,1,3,730,0,1,2,0,7,2,OZ178,21,0,4,1,NA,1,5,4e3,40,8,2,4,NA,FALSE,FALSE,FALSE,FALSE,FALSE,FALSE,TRUE,FALSE,FALSE,FALSE,TRUE,FALSE
237,1,1,27,2,1,1,6,2,1,1,0,1,4,KE629,18,5,3,1,NA,1,2,11e3,30,2,3,NA,NA,TRUE,FALSE,FALSE,FALSE,FALSE,FALSE,FALSE,NA,NA,NA,NA,NA
238,1,2,33,2,1,1,4,4,1,2,1,1,3,NA,20,20,3,1,NA,1,6,15e3,60,2,2,4,NA,TRUE,FALSE,FALSE,FALSE,FALSE,FALSE,FALSE,FALSE,FALSE,FALSE,TRUE,FALSE
239,1,3,43,2,1,1,5,7,1,2,2,1,3,NA,8,4,3,1,70,1,1,NA,NA,7,2,4,NA,TRUE,FALSE,FALSE,FALSE,FALSE,FALSE,FALSE,FALSE,FALSE,FALSE,TRUE,FALSE
240,2,2,44,1,3,1,10,1,3,2,3,3,2,OZ1044,15,30,2,1,70,1,1,NA,60,7,3,NA,NA,FALSE,FALSE,TRUE,FALSE,FALSE,FALSE,FALSE,NA,NA,NA,NA,NA
241,2,2,45,2,1,1,7,0,8,2,4,3,2,OZ1045,15,30,2,1,70,1,1,NA,60,12,7,NA,NA,FALSE,FALSE,TRUE,FALSE,FALSE,FALSE,FALSE,NA,NA,NA,NA,NA
242,2,3,58,2,1,1,10,1,8,2,5,3,2,7C1482,14,30,2,1,23,1,2,17e3,40,9,1,4,NA,FALSE,FALSE,TRUE,FALSE,FALSE,FALSE,FALSE,FALSE,FALSE,FALSE,TRUE,FALSE
243,2,4,20,1,2,3,50,2,1,2,2,2,1,NA,19,50,3,3,67,2,5,1650,40,1,1,2,NA,FALSE,TRUE,FALSE,FALSE,FALSE,FALSE,FALSE,FALSE,TRUE,FALSE,FALSE,FALSE
244,2,2,32,1,1,2,90,1,4,2,2,2,1,oz362,16,NA,2,1,30,1,2,8400,80,12,NA,NA,NA,FALSE,TRUE,FALSE,FALSE,FALSE,FALSE,FALSE,NA,NA,NA,NA,NA
245,2,2,76,1,1,4,4,2,3,2,0,3,2,NA,NA,NA,3,NA,24,1,1,NA,90,11,1,NA,NA,FALSE,FALSE,TRUE,FALSE,FALSE,FALSE,FALSE,NA,NA,NA,NA,NA
246,2,4,26,1,2,3,50,0,8,2,1,2,1,NA,19,45,3,1,30,1,6,1e4,40,8,1,4(중국동방),1200,FALSE,TRUE,FALSE,FALSE,FALSE,FALSE,FALSE,FALSE,FALSE,FALSE,TRUE,FALSE
247,2,4,40,1,1,2,120,7,5,2,6,2,1,fm824,19,55,3,2,89,1,1,NA,30,2,6,NA,NA,FALSE,TRUE,FALSE,FALSE,FALSE,FALSE,FALSE,NA,NA,NA,NA,NA
248,2,4,19,2,5,1,4,1,8,2,3,3,1,NA,19,45,3,1,NA,1,3,5e3,60,8,4,4,NA,FALSE,FALSE,TRUE,FALSE,FALSE,FALSE,FALSE,FALSE,FALSE,FALSE,TRUE,FALSE
249,2,4,27,2,2,1,5,2,8,2,2,"1,2",1,MU9824,19,45,3,1,86,1,2,22800,60,2,3,4,NA,TRUE,TRUE,FALSE,FALSE,FALSE,FALSE,FALSE,FALSE,FALSE,FALSE,TRUE,FALSE
250,2,2,60,2,1,3,365,0,8,2,2,3,2,1166,20,NA,3,1,NA,1,2,2e4,40,9,NA,3,NA,FALSE,FALSE,TRUE,FALSE,FALSE,FALSE,FALSE,FALSE,FALSE,TRUE,FALSE,FALSE
251,2,4,45,1,2,2,4,0,8,2,7,"2,3",1,mu,19,30,3,1,87,1,2,20600,30,5,NA,4(중국동방),1e5,FALSE,TRUE,TRUE,FALSE,FALSE,FALSE,FALSE,FALSE,FALSE,FALSE,TRUE,FALSE
252,2,1,37,1,3,2,4,1,8,2,2,6,2,KE2711,19,NA,3,1,70,1,1,NA,90,1,NA,NA,NA,FALSE,FALSE,FALSE,FALSE,FALSE,TRUE,FALSE,NA,NA,NA,NA,NA
253,2,4,55,1,1,2,3,0,1,2,5,2,1,MU9824,19,45,3,1,50,1,1,NA,60,1,5,1,11e4,FALSE,TRUE,FALSE,FALSE,FALSE,FALSE,FALSE,TRUE,FALSE,FALSE,FALSE,FALSE
254,2,4,23,2,2,1,7,1,8,2,0,2,1,NA,19,20,3,1,24,1,5,2e3,30,2,3,4,NA,FALSE,TRUE,FALSE,FALSE,FALSE,FALSE,FALSE,FALSE,FALSE,FALSE,TRUE,FALSE
255,2,4,23,2,2,1,7,1,8,2,0,2,1,NA,19,20,3,NA,24,1,5,2e3,30,2,3,4,NA,FALSE,TRUE,FALSE,FALSE,FALSE,FALSE,FALSE,FALSE,FALSE,FALSE,TRUE,FALSE
256,2,4,62,1,1,1,9,1,1,2,1,3,2,NA,19,15,3,1,20,1,5,4e3,60,10,3,4,NA,FALSE,FALSE,TRUE,FALSE,FALSE,FALSE,FALSE,FALSE,FALSE,FALSE,TRUE,FALSE
257,2,4,60,2,1,1,9,1,1,2,2,2,2,NA,19,15,3,1,20,1,5,4e3,60,9,3,2,NA,FALSE,TRUE,FALSE,FALSE,FALSE,FALSE,FALSE,FALSE,TRUE,FALSE,FALSE,FALSE
258,2,2,25,1,1,1,365,4,1,2,2,1,2,NA,NA,NA,3,1,NA,1,1,NA,40,8,7,NA,NA,TRUE,FALSE,FALSE,FALSE,FALSE,FALSE,FALSE,NA,NA,NA,NA,NA
259,2,2,40,NA,1,1,7,1,4,2,3,3,2,NA,16,15,2,1,34.14,1,3,11700,120,7,2,NA,NA,FALSE,FALSE,TRUE,FALSE,FALSE,FALSE,FALSE,NA,NA,NA,NA,NA
260,2,1,50,2,1,1,5,1,8,2,5,3,2,ke2709,16,30,2,1,40,1,2,23500,30,9,5,1,17e4,FALSE,FALSE,TRUE,FALSE,FALSE,FALSE,FALSE,TRUE,FALSE,FALSE,FALSE,FALSE
261,2,2,53,1,5,2,3,4,1,2,4,"1,2,3",2,nh1164,16,15,2,1,35,1,2,15e3,60,1,3,NA,NA,TRUE,TRUE,TRUE,FALSE,FALSE,FALSE,FALSE,NA,NA,NA,NA,NA
262,2,2,39,2,5,2,3,3,3,2,6,"3,6",2,nh1164,16,15,2,1,35,1,1,NA,25,1,4,"1,2,3",NA,FALSE,FALSE,TRUE,FALSE,FALSE,TRUE,FALSE,TRUE,TRUE,TRUE,FALSE,FALSE
263,2,2,17,1,1,3,7,1,8,2,1,2,1,OZ3615,16,NA,2,1,NA,1,1,NA,60,12,NA,NA,NA,FALSE,TRUE,FALSE,FALSE,FALSE,FALSE,FALSE,NA,NA,NA,NA,NA
264,2,2,21,2,1,1,30,0,3,2,2,2,1,OZ3615,16,NA,2,1,NA,1,6,12e3,90,8,3,2,2e4,FALSE,TRUE,FALSE,FALSE,FALSE,FALSE,FALSE,FALSE,TRUE,FALSE,FALSE,FALSE
265,2,1,43,1,5,1,5,4,8,2,5,1,1,8125,16,15,2,1,37,1,2,14400,60,6,NA,NA,NA,TRUE,FALSE,FALSE,FALSE,FALSE,FALSE,FALSE,NA,NA,NA,NA,NA
266,2,NA,29,1,1,4,31,1,7,2,0,7,4,NA,19,NA,3,1,NA,1,1,NA,90,12,1,4,NA,FALSE,FALSE,FALSE,FALSE,FALSE,FALSE,TRUE,FALSE,FALSE,FALSE,TRUE,FALSE
267,2,2,50,1,1,2,3,0,8,2,10,1,2,OZ1085,20,NA,3,2,50,1,2,5e4,60,5,5,NA,NA,TRUE,FALSE,FALSE,FALSE,FALSE,FALSE,FALSE,NA,NA,NA,NA,NA
268,2,2,20,1,1,1,4,0,3,2,1,3,2,OZ1085,20,NA,3,1,50,1,5,2e3,40,8,2,NA,NA,FALSE,FALSE,TRUE,FALSE,FALSE,FALSE,FALSE,NA,NA,NA,NA,NA
269,2,2,28,2,1,1,3,1,1,2,4,3,2,OZ1143,17,50,2,1,50,1,1,NA,40,2,4,1,42e3,FALSE,FALSE,TRUE,FALSE,FALSE,FALSE,FALSE,TRUE,FALSE,FALSE,FALSE,FALSE
270,2,2,32,1,1,2,5,1,8,2,3,3,2,NA,20,NA,3,1,70,1,8,25e3,60,2,4,2,3e3,FALSE,FALSE,TRUE,FALSE,FALSE,FALSE,FALSE,FALSE,TRUE,FALSE,FALSE,FALSE
271,2,2,39,2,3,1,99,2,1,2,3,3,2,1085,20,NA,3,1,35,1,2,14e3,30,2,4,2,7e3,FALSE,FALSE,TRUE,FALSE,FALSE,FALSE,FALSE,FALSE,TRUE,FALSE,FALSE,FALSE
272,2,1,19,1,1,3,2,2,1,2,3,6,2,NA,19,NA,3,1,NA,1,2,2e4,60,8,3,NA,NA,FALSE,FALSE,FALSE,FALSE,FALSE,TRUE,FALSE,NA,NA,NA,NA,NA
273,2,1,50,1,3,2,4,34,2,1,2,"3,5",2,NA,20,30,3,1,30,1,5,1250,50,5,3,2,12e3,FALSE,FALSE,TRUE,FALSE,TRUE,FALSE,FALSE,FALSE,TRUE,FALSE,FALSE,FALSE
274,2,2,40,2,4,1,99,2,1,2,4,1,2,NA,20,1,3,1,NA,1,2,23e3,60,11,3,2,2e3,TRUE,FALSE,FALSE,FALSE,FALSE,FALSE,FALSE,FALSE,TRUE,FALSE,FALSE,FALSE
275,2,2,35,1,3,2,3,1,8,2,15,3,2,nh1166,20,15,3,1,90,1,2,27e3,70,1,5,1,5e4,FALSE,FALSE,TRUE,FALSE,FALSE,FALSE,FALSE,TRUE,FALSE,FALSE,FALSE,FALSE
276,2,2,23,1,1,1,7,0,1,2,1,3,2,NA,19,30,3,1,30,1,5,1500,30,8,1,NA,NA,FALSE,FALSE,TRUE,FALSE,FALSE,FALSE,FALSE,NA,NA,NA,NA,NA
277,2,2,27,1,1,2,7,1,1,2,2,3,2,oz9104,20,5,3,1,40,1,5,1500,20,2,2,1,5e4,FALSE,FALSE,TRUE,FALSE,FALSE,FALSE,FALSE,TRUE,FALSE,FALSE,FALSE,FALSE
278,2,2,54,2,1,1,35,0,8,2,1,"4,5",4,oz222,10,NA,1,1,NA,1,1,NA,20,3,4,1,39e3,FALSE,FALSE,FALSE,TRUE,TRUE,FALSE,FALSE,TRUE,FALSE,FALSE,FALSE,FALSE
279,2,4,48,1,1,2,7,4,8,2,10,2,1,mu,19,20,3,1,78,2,6,50300,50,2,4,NA,NA,FALSE,TRUE,FALSE,FALSE,FALSE,FALSE,FALSE,NA,NA,NA,NA,NA
280,2,2,26,1,3,1,5,1,1,2,2,4,2,NA,NA,NA,3,1,40,1,5,1200,40,2,5,2,3e4,FALSE,FALSE,FALSE,TRUE,FALSE,FALSE,FALSE,FALSE,TRUE,FALSE,FALSE,FALSE
281,2,2,30,2,1,4,7,1,2,2,3,2,1,OZ3615,16,NA,2,1,42,1,1,1e4,40,8,2,NA,NA,FALSE,TRUE,FALSE,FALSE,FALSE,FALSE,FALSE,NA,NA,NA,NA,NA
282,2,2,32,1,1,2,7,1,1,2,6,2,1,OZ3615,16,NA,2,1,42,1,1,1e4,NA,2,2,NA,NA,FALSE,TRUE,FALSE,FALSE,FALSE,FALSE,FALSE,NA,NA,NA,NA,NA
283,2,1,36,1,1,2,3,0,1,2,2,4,2,ke2727,16,55,2,1,NA,1,2,12e3,20,5,6,1,31184,FALSE,FALSE,FALSE,TRUE,FALSE,FALSE,FALSE,TRUE,FALSE,FALSE,FALSE,FALSE
284,2,1,34,2,1,4,365,0,8,2,5,"2,5",1,ke2815,16,15,2,1,NA,1,11,75e3,60,12,4,NA,NA,FALSE,TRUE,FALSE,FALSE,TRUE,FALSE,FALSE,NA,NA,NA,NA,NA
285,2,1,49,2,1,1,4,1,8,2,0,3,2,NA,16,20,2,1,NA,1,1,NA,40,1,NA,NA,NA,FALSE,FALSE,TRUE,FALSE,FALSE,FALSE,FALSE,NA,NA,NA,NA,NA
286,2,2,30,1,1,2,100,1,3,2,4,2,1,NA,16,NA,2,1,40,1,3,2800,4,1,3,NA,NA,FALSE,TRUE,FALSE,FALSE,FALSE,FALSE,FALSE,NA,NA,NA,NA,NA
287,2,2,60,2,1,1,2,1,5,2,2,3,2,oz1045,15,30,2,1,NA,2,8,6e4,180,11,2,NA,NA,FALSE,FALSE,TRUE,FALSE,FALSE,FALSE,FALSE,NA,NA,NA,NA,NA
288,2,2,35,1,1,1,7,0,2,2,4,3,2,nh1166,20,5,3,2,64,2,2,3300,20,12,1,2,800,FALSE,FALSE,TRUE,FALSE,FALSE,FALSE,FALSE,FALSE,TRUE,FALSE,FALSE,FALSE
289,2,4,40,1,1,4,99,1,8,2,5,2,1,NA,19,40,3,1,26,1,2,23e3,30,2,4,NA,NA,FALSE,TRUE,FALSE,FALSE,FALSE,FALSE,FALSE,NA,NA,NA,NA,NA
290,2,1,44,2,1,2,7,28,8,2,12,3,2,NA,19,NA,3,2,58,1,1,2e4,30,7,6,1,18e3,FALSE,FALSE,TRUE,FALSE,FALSE,FALSE,FALSE,TRUE,FALSE,FALSE,FALSE,FALSE
291,2,2,40,2,1,1,3,11,1,2,0,1,2,NA,17,40,2,1,NA,1,1,NA,45,9,2,NA,NA,TRUE,FALSE,FALSE,FALSE,FALSE,FALSE,FALSE,NA,NA,NA,NA,NA
292,2,1,68,1,3,2,8,2,8,2,2,"2,3",2,ke2711,19,NA,3,1,NA,1,3,1e4,50,5,4,1,26561,FALSE,TRUE,TRUE,FALSE,FALSE,FALSE,FALSE,TRUE,FALSE,FALSE,FALSE,FALSE
293,2,1,55,1,1,2,365,1,8,2,20,"2,4",1,NA,16,15,2,2,100,1,10,98e3,50,1,7,1,1e4,FALSE,TRUE,FALSE,TRUE,FALSE,FALSE,FALSE,TRUE,FALSE,FALSE,FALSE,FALSE
294,2,3,28,1,1,1,3,3,1,2,4,1,3,TW7667,11,NA,1,1,30,1,3,1050,20,2,3,4,NA,TRUE,FALSE,FALSE,FALSE,FALSE,FALSE,FALSE,FALSE,FALSE,FALSE,TRUE,FALSE
295,2,1,37,2,1,4,2,0,1,1,1,1,1,KE2851,9,30,1,1,50,1,5,1550,90,1,2,4,NA,TRUE,FALSE,FALSE,FALSE,FALSE,FALSE,FALSE,FALSE,FALSE,FALSE,TRUE,FALSE
296,2,2,30,2,2,1,7,1,1,2,1,2,1,OZ318,13,30,2,1,34,1,5,1500,60,2,1,NA,NA,FALSE,TRUE,FALSE,FALSE,FALSE,FALSE,FALSE,NA,NA,NA,NA,NA
297,2,4,47,1,1,2,10,8,3,2,2,2,1,NA,12,30,2,1,NA,1,1,NA,90,2,3,4,NA,FALSE,TRUE,FALSE,FALSE,FALSE,FALSE,FALSE,FALSE,FALSE,FALSE,TRUE,FALSE
298,2,2,53,1,1,2,180,1,1,2,3,2,1,OZ,16,NA,2,1,30,1,3,1e3,60,2,2,NA,NA,FALSE,TRUE,FALSE,FALSE,FALSE,FALSE,FALSE,NA,NA,NA,NA,NA
299,2,3,60,2,1,1,3,3,1,2,1,2,3,TW7667,10,30,1,1,30,1,3,NA,NA,7,1,4,NA,FALSE,TRUE,FALSE,FALSE,FALSE,FALSE,FALSE,FALSE,FALSE,FALSE,TRUE,FALSE
300,2,4,66,1,1,2,90,1,1,2,2,3,2,NH1162,12,40,2,2,60,1,1,NA,20,12,5,3(ANA),NA,FALSE,FALSE,TRUE,FALSE,FALSE,FALSE,FALSE,FALSE,FALSE,TRUE,FALSE,FALSE
301,2,1,72,2,1,1,4,1,6,1,0,2,1,KE2815,16,15,2,1,45.9,1,1,NA,150,9,1,4,NA,FALSE,TRUE,FALSE,FALSE,FALSE,FALSE,FALSE,FALSE,FALSE,FALSE,TRUE,FALSE
302,2,4,32,1,1,1,6,2,3,2,1,1,3,BR155,13,50,2,1,35,1,6,8800,7,5,2,4,NA,TRUE,FALSE,FALSE,FALSE,FALSE,FALSE,FALSE,FALSE,FALSE,FALSE,TRUE,FALSE
303,2,4,22,2,2,2,30,7,2,2,6,2,1,C8318,12,30,2,1,NA,1,1,NA,30,3,NA,NA,NA,FALSE,TRUE,FALSE,FALSE,FALSE,FALSE,FALSE,NA,NA,NA,NA,NA
304,2,4,28,2,1,1,6,2,3,2,1,1,3,BR155,13,50,2,1,35,1,6,8800,80,9,2,4,NA,TRUE,FALSE,FALSE,FALSE,FALSE,FALSE,FALSE,FALSE,FALSE,FALSE,TRUE,FALSE
305,2,4,30,2,3,3,99,1,2,2,1,3,2,NA,12,5,2,1,53,1,1,NA,20,8,1,4,NA,FALSE,FALSE,TRUE,FALSE,FALSE,FALSE,FALSE,FALSE,FALSE,FALSE,TRUE,FALSE
306,2,1,47,1,3,4,1,2,3,2,0,7,NA,NA,NA,NA,1,1,35,1,6,6e3,60,7,1,NA,NA,FALSE,FALSE,FALSE,FALSE,FALSE,FALSE,TRUE,NA,NA,NA,NA,NA
307,2,1,23,1,1,2,1,1,1,2,4,3,2,KE2707,9,NA,1,1,40,1,1,NA,60,8,NA,1,NA,FALSE,FALSE,TRUE,FALSE,FALSE,FALSE,FALSE,TRUE,FALSE,FALSE,FALSE,FALSE
308,2,4,51,1,5,1,8,4,7,2,6,1,4,CA138,9,25,1,1,11,1,6,2e4,120,1,5,1,23e4,TRUE,FALSE,FALSE,FALSE,FALSE,FALSE,FALSE,TRUE,FALSE,FALSE,FALSE,FALSE
309,2,1,36,2,2,1,30,0,3,2,4,"2,3",1,KA2851,9,30,1,3,50,1,5,1650,40,12,NA,NA,NA,FALSE,TRUE,TRUE,FALSE,FALSE,FALSE,FALSE,NA,NA,NA,NA,NA
310,2,4,29,2,1,1,4,1,1,2,3,3,2,NH,12,40,2,1,45,2,1,NA,20,2,4,NA,NA,FALSE,FALSE,TRUE,FALSE,FALSE,FALSE,FALSE,NA,NA,NA,NA,NA
311,2,3,44,2,3,1,7,1,3,2,0,3,2,NA,14,30,2,3,20,1,6,5100,60,2,1,NA,NA,FALSE,FALSE,TRUE,FALSE,FALSE,FALSE,FALSE,NA,NA,NA,NA,NA
312,2,4,25,2,1,3,90,0,3,2,5,"2,3",2,NH1162,12,40,2,1,50,1,1,NA,60,8,1,4,NA,FALSE,TRUE,TRUE,FALSE,FALSE,FALSE,FALSE,FALSE,FALSE,FALSE,TRUE,FALSE
313,2,4,54,1,1,2,1,7,1,1,0,5,2,92,12,5,2,1,66,1,2,NA,32,5,NA,NA,NA,FALSE,FALSE,FALSE,FALSE,TRUE,FALSE,FALSE,NA,NA,NA,NA,NA
314,2,NA,26,1,3,2,15,0,3,2,5,3,NA,NA,12,10,2,1,NA,1,3,6e3,10,3,2,NA,NA,FALSE,FALSE,TRUE,FALSE,FALSE,FALSE,FALSE,NA,NA,NA,NA,NA
315,2,3,27,2,5,1,3,2,3,2,2,6,3,7667,11,NA,1,1,NA,1,6,NA,30,2,7,4,NA,FALSE,FALSE,FALSE,FALSE,FALSE,TRUE,FALSE,FALSE,FALSE,FALSE,TRUE,FALSE
316,2,4,40,1,1,2,3,0,1,2,20,2,1,MU512,12,NA,2,1,NA,1,1,NA,15,5,2,1,15e3,FALSE,TRUE,FALSE,FALSE,FALSE,FALSE,FALSE,TRUE,FALSE,FALSE,FALSE,FALSE
317,2,1,74,2,1,1,3,13,3,1,0,2,1,NA,16,30,2,1,NA,1,9,NA,120,9,1,NA,NA,FALSE,TRUE,FALSE,FALSE,FALSE,FALSE,FALSE,NA,NA,NA,NA,NA
318,2,1,68,2,1,1,4,13,3,1,1,1,1,NA,16,30,2,1,NA,1,9,NA,120,9,1,NA,NA,TRUE,FALSE,FALSE,FALSE,FALSE,FALSE,FALSE,NA,NA,NA,NA,NA
319,2,3,60,2,1,3,5,0,8,1,12,3,2,7c1482,NA,NA,2,1,19,1,2,12e3,20,12,2,3(제주항공),NA,FALSE,FALSE,TRUE,FALSE,FALSE,FALSE,FALSE,FALSE,FALSE,TRUE,FALSE,FALSE
320,2,4,34,1,1,2,5,1,3,2,2,6,2,NA,20,NA,3,1,60,1,2,6e4,30,2,5,1,3e4,FALSE,FALSE,FALSE,FALSE,FALSE,TRUE,FALSE,TRUE,FALSE,FALSE,FALSE,FALSE
321,2,4,40,1,3,1,2,0,8,2,1,3,2,NA,20,1,3,1,NA,1,5,2e3,40,2,4,4,NA,FALSE,FALSE,TRUE,FALSE,FALSE,FALSE,FALSE,FALSE,FALSE,FALSE,TRUE,FALSE
322,2,4,38,2,1,1,4,0,1,2,2,2,1,hv9824,17,45,2,1,32,1,5,2e3,20,4,2,3(중국동방),NA,FALSE,TRUE,FALSE,FALSE,FALSE,FALSE,FALSE,FALSE,FALSE,TRUE,FALSE,FALSE
323,2,3,45,2,3,3,5,1,8,2,1,3,2,7c1482,14,30,2,1,21,1,6,9e3,60,2,NA,3(제주항공),NA,FALSE,FALSE,TRUE,FALSE,FALSE,FALSE,FALSE,FALSE,FALSE,TRUE,FALSE,FALSE
324,2,3,29,2,1,2,4,3,1,2,1,5,2,7c1482,14,30,2,1,24,1,3,1500,40,5,1,1,NA,FALSE,FALSE,FALSE,FALSE,TRUE,FALSE,FALSE,TRUE,FALSE,FALSE,FALSE,FALSE
325,2,1,45,1,3,2,3,0,3,2,3,5,2,ke2727,16,55,2,1,25,2,4,2e3,30,5,5,"1,2",NA,FALSE,FALSE,FALSE,FALSE,TRUE,FALSE,FALSE,TRUE,TRUE,FALSE,FALSE,FALSE
326,2,1,61,2,1,1,5,20,6,1,2,3,2,NA,16,30,2,2,60,1,2,NA,40,9,NA,1,NA,FALSE,FALSE,TRUE,FALSE,FALSE,FALSE,FALSE,TRUE,FALSE,FALSE,FALSE,FALSE
327,2,1,19,1,1,4,3,1,1,2,2,1,2,ke2709,16,30,2,1,40,1,1,2e3,90,8,3,1,NA,TRUE,FALSE,FALSE,FALSE,FALSE,FALSE,FALSE,TRUE,FALSE,FALSE,FALSE,FALSE
328,2,1,33,1,1,2,2,2,1,2,1,2,1,NA,16,15,2,1,60,1,1,NA,50,1,5,1,3e5,FALSE,TRUE,FALSE,FALSE,FALSE,FALSE,FALSE,TRUE,FALSE,FALSE,FALSE,FALSE
329,2,1,46,1,1,2,9,2,3,2,15,2,1,ke2815,16,15,2,2,NA,1,1,NA,30,1,6,1,5e5,FALSE,TRUE,FALSE,FALSE,FALSE,FALSE,FALSE,TRUE,FALSE,FALSE,FALSE,FALSE
330,2,1,23,2,1,3,99,0,1,2,2,2,2,NA,16,30,2,1,45,1,6,1e4,60,8,4,1,4e3,FALSE,TRUE,FALSE,FALSE,FALSE,FALSE,FALSE,TRUE,FALSE,FALSE,FALSE,FALSE
331,2,4,35,1,3,3,30,0,8,2,15,6,2,JL94,7,15,3,1,200,1,6,1e4,180,8,1,"1,2",NA,FALSE,FALSE,FALSE,FALSE,FALSE,TRUE,FALSE,TRUE,TRUE,FALSE,FALSE,FALSE
332,2,2,42,1,1,1,3,10,1,2,1,3,2,NA,17,NA,2,1,NA,1,1,1e4,60,2,2,NA,NA,FALSE,FALSE,TRUE,FALSE,FALSE,FALSE,FALSE,NA,NA,NA,NA,NA
333,2,1,52,2,1,1,5,2,3,2,1,3,2,ke2727,16,55,2,1,20,1,5,2e3,60,9,3,NA,NA,FALSE,FALSE,TRUE,FALSE,FALSE,FALSE,FALSE,NA,NA,NA,NA,NA
334,2,1,35,2,1,1,5,2,1,2,2,3,2,ke2711,19,NA,3,1,20,1,5,NA,90,8,2,NA,NA,FALSE,FALSE,TRUE,FALSE,FALSE,FALSE,FALSE,NA,NA,NA,NA,NA
335,2,4,24,2,2,1,5,4,8,2,1,3,1,km824,19,45,3,3,NA,1,5,3e3,30,2,NA,NA,NA,FALSE,FALSE,TRUE,FALSE,FALSE,FALSE,FALSE,NA,NA,NA,NA,NA
336,2,2,34,2,1,1,5,2,8,2,2,3,2,OZ1145,17,50,2,1,30,1,1,NA,40,10,3,3,17e3,FALSE,FALSE,TRUE,FALSE,FALSE,FALSE,FALSE,FALSE,FALSE,TRUE,FALSE,FALSE
337,2,4,27,1,3,2,3,0,8,2,20,3,2,JA091,19,NA,3,1,NA,1,2,1e4,30,12,2,3(JAL),15e3,FALSE,FALSE,TRUE,FALSE,FALSE,FALSE,FALSE,FALSE,FALSE,TRUE,FALSE,FALSE
338,2,4,55,2,3,1,3,2,8,2,2,3,2,1166,20,5,3,1,40,1,5,2e3,30,9,2,3(ANA),5e3,FALSE,FALSE,TRUE,FALSE,FALSE,FALSE,FALSE,FALSE,FALSE,TRUE,FALSE,FALSE
339,2,2,45,2,1,1,21,0,3,2,3,3,2,OZ1085,20,NA,3,1,50,2,6,2e4,150,9,1,2,35e3,FALSE,FALSE,TRUE,FALSE,FALSE,FALSE,FALSE,FALSE,TRUE,FALSE,FALSE,FALSE
340,2,1,59,2,1,1,3,4,3,2,1,2,1,KE5899,19,45,3,1,NA,1,5,2e3,40,9,4,4,NA,FALSE,TRUE,FALSE,FALSE,FALSE,FALSE,FALSE,FALSE,FALSE,FALSE,TRUE,FALSE
341,2,4,22,1,1,1,5,0,1,2,0,2,2,94,19,15,3,1,33,1,8,NA,NA,8,3,4,NA,FALSE,TRUE,FALSE,FALSE,FALSE,FALSE,FALSE,FALSE,FALSE,FALSE,TRUE,FALSE
342,2,2,43,1,3,2,7,0,8,2,10,3,2,NA,20,NA,3,1,18,2,8,5e4,120,12,NA,NA,NA,FALSE,FALSE,TRUE,FALSE,FALSE,FALSE,FALSE,NA,NA,NA,NA,NA
343,2,4,39,2,2,2,1,1,8,2,0,2,1,NA,19,45,3,1,NA,1,2,NA,50,2,2,4,NA,FALSE,TRUE,FALSE,FALSE,FALSE,FALSE,FALSE,FALSE,FALSE,FALSE,TRUE,FALSE
344,2,2,21,2,4,1,4,1,8,2,0,6,2,OZ1085,20,NA,3,1,50,1,2,NA,40,11,1,4,NA,FALSE,FALSE,FALSE,FALSE,FALSE,TRUE,FALSE,FALSE,FALSE,FALSE,TRUE,FALSE
345,2,4,20,2,3,1,3,2,8,2,0,3,2,NH6984,20,NA,3,1,40,2,5,NA,20,8,1,4,NA,FALSE,FALSE,TRUE,FALSE,FALSE,FALSE,FALSE,FALSE,FALSE,FALSE,TRUE,FALSE
346,2,4,22,2,3,1,3,2,8,2,0,1,2,NH6984,20,NA,3,1,40,2,5,NA,20,8,1,4,NA,TRUE,FALSE,FALSE,FALSE,FALSE,FALSE,FALSE,FALSE,FALSE,FALSE,TRUE,FALSE
347,2,4,23,1,1,1,365,1,1,2,1,3,2,jl974,15,NA,2,1,45,2,3,NA,10,8,1,NA,NA,FALSE,FALSE,TRUE,FALSE,FALSE,FALSE,FALSE,NA,NA,NA,NA,NA
348,2,4,21,2,1,1,4,1,3,2,0,3,2,NA,16,15,2,1,45,1,5,NA,40,8,1,NA,NA,FALSE,FALSE,TRUE,FALSE,FALSE,FALSE,FALSE,NA,NA,NA,NA,NA
349,2,4,26,2,2,1,6,4,8,2,0,2,1,mu9824,19,45,3,1,NA,1,8,NA,NA,2,1,4,NA,FALSE,TRUE,FALSE,FALSE,FALSE,FALSE,FALSE,FALSE,FALSE,FALSE,TRUE,FALSE
350,2,4,25,2,2,3,3,0,8,2,0,2,1,mu9824,19,45,3,1,NA,1,8,NA,180,2,1,NA,NA,FALSE,TRUE,FALSE,FALSE,FALSE,FALSE,FALSE,NA,NA,NA,NA,NA
351,2,1,62,1,1,1,4,1,1,2,2,3,2,ke5727,15,NA,2,1,30,1,1,NA,30,11,4,4,NA,FALSE,FALSE,TRUE,FALSE,FALSE,FALSE,FALSE,FALSE,FALSE,FALSE,TRUE,FALSE
352,2,1,68,2,1,1,4,13,3,1,0,1,1,ke2815,16,15,2,1,NA,1,1,NA,120,9,2,NA,NA,TRUE,FALSE,FALSE,FALSE,FALSE,FALSE,FALSE,NA,NA,NA,NA,NA
353,2,1,62,2,1,1,44,2,3,2,0,2,1,ke2815,16,15,2,1,NA,1,5,NA,NA,7,2,4,NA,FALSE,TRUE,FALSE,FALSE,FALSE,FALSE,FALSE,FALSE,FALSE,FALSE,TRUE,FALSE
354,2,1,60,2,1,1,4,2,3,2,0,3,2,ke5727,15,NA,2,1,60,1,6,6e3,40,9,1,4,NA,FALSE,FALSE,TRUE,FALSE,FALSE,FALSE,FALSE,FALSE,FALSE,FALSE,TRUE,FALSE
355,2,1,65,1,1,1,4,2,3,2,0,3,2,ke5727,15,NA,2,1,60,1,6,6e3,40,10,2,4,NA,FALSE,FALSE,TRUE,FALSE,FALSE,FALSE,FALSE,FALSE,FALSE,FALSE,TRUE,FALSE
356,2,1,70,1,1,1,4,10,6,1,0,3,1,NA,16,15,2,1,NA,1,1,NA,120,10,1,4,NA,FALSE,FALSE,TRUE,FALSE,FALSE,FALSE,FALSE,FALSE,FALSE,FALSE,TRUE,FALSE
357,2,4,67,2,1,1,4,2,1,2,2,3,1,CZ318,12,30,2,1,NA,1,5,NA,15,9,2,NA,NA,FALSE,FALSE,TRUE,FALSE,FALSE,FALSE,FALSE,NA,NA,NA,NA,NA
358,2,4,67,1,1,4,30,0,1,2,3,3,2,NA,12,40,2,1,40,1,6,2e3,60,10,3,2,3e4,FALSE,FALSE,TRUE,FALSE,FALSE,FALSE,FALSE,FALSE,TRUE,FALSE,FALSE,FALSE
359,2,2,70,1,1,1,4,6,4,2,1,6,1,OZ3615,15,30,2,1,NA,1,2,11500,120,12,2,NA,NA,FALSE,FALSE,FALSE,FALSE,FALSE,TRUE,FALSE,NA,NA,NA,NA,NA
360,2,1,50,1,1,2,2,1,1,2,5,2,2,KE5707,12,NA,2,1,NA,1,5,1500,NA,2,4,NA,NA,FALSE,TRUE,FALSE,FALSE,FALSE,FALSE,FALSE,NA,NA,NA,NA,NA
361,2,1,51,1,1,2,1,0,3,2,30,3,2,KE2707,9,NA,1,1,65,2,2,7e3,20,2,6,1,5e5,FALSE,FALSE,TRUE,FALSE,FALSE,FALSE,FALSE,TRUE,FALSE,FALSE,FALSE,FALSE
362,2,4,56,2,1,1,5,2,3,2,0,1,2,NH1162,12,15,2,1,32.5,1,6,8e3,50,9,3,4,NA,TRUE,FALSE,FALSE,FALSE,FALSE,FALSE,FALSE,FALSE,FALSE,FALSE,TRUE,FALSE
363,2,4,58,2,1,1,5,1,3,2,0,3,2,7C1482,14,30,2,1,NA,2,6,NA,NA,9,4,NA,NA,FALSE,FALSE,TRUE,FALSE,FALSE,FALSE,FALSE,NA,NA,NA,NA,NA
364,2,4,55,2,1,1,5,2,3,2,0,7,2,NH1162,12,30,2,1,32.5,2,1,NA,20,9,4,NA,NA,FALSE,FALSE,FALSE,FALSE,FALSE,FALSE,TRUE,NA,NA,NA,NA,NA
365,2,4,55,1,1,1,3,2,1,2,0,3,2,NH1164,16,15,2,1,50,1,2,15e3,30,3,4,4,NA,FALSE,FALSE,TRUE,FALSE,FALSE,FALSE,FALSE,FALSE,FALSE,FALSE,TRUE,FALSE
366,2,4,51,1,1,2,7,1,1,2,4,2,1,NA,17,20,2,1,40,1,6,6e3,NA,2,5,4,NA,FALSE,TRUE,FALSE,FALSE,FALSE,FALSE,FALSE,FALSE,FALSE,FALSE,TRUE,FALSE
367,2,3,53,2,1,1,4,4,5,2,1,6,3,TW7607,11,10,1,3,60,3,8,4e4,NA,9,1,4,NA,FALSE,FALSE,FALSE,FALSE,FALSE,TRUE,FALSE,FALSE,FALSE,FALSE,TRUE,FALSE
368,2,2,53,1,1,2,5,2,3,2,2,3,2,OZ9128,NA,NA,1,1,40,1,6,6e3,40,2,2,4,NA,FALSE,FALSE,TRUE,FALSE,FALSE,FALSE,FALSE,FALSE,FALSE,FALSE,TRUE,FALSE
369,2,2,59,1,1,1,3,5,3,2,0,3,2,OZ9102,12,30,2,1,50,1,5,70,10,2,3,4,NA,FALSE,FALSE,TRUE,FALSE,FALSE,FALSE,FALSE,FALSE,FALSE,FALSE,TRUE,FALSE
370,2,1,60,2,1,1,7,1,1,2,2,"3,4",2,KE2725,NA,NA,1,1,100,1,6,6e3,30,10,5,1,12e3,FALSE,FALSE,TRUE,TRUE,FALSE,FALSE,FALSE,TRUE,FALSE,FALSE,FALSE,FALSE
371,2,4,61,2,1,1,3,0,3,2,3,1,2,NH1162,12,40,2,1,40,1,6,1e4,NA,9,2,4,NA,TRUE,FALSE,FALSE,FALSE,FALSE,FALSE,FALSE,FALSE,FALSE,FALSE,TRUE,FALSE
372,2,2,62,2,1,1,4,6,4,2,1,2,1,NA,15,30,2,1,NA,2,2,1e4,20,11,4,NA,NA,FALSE,TRUE,FALSE,FALSE,FALSE,FALSE,FALSE,NA,NA,NA,NA,NA
373,2,4,62,2,1,1,4,6,1,1,2,2,1,CZ318,12,30,2,1,NA,1,5,NA,20,9,2,4,NA,FALSE,TRUE,FALSE,FALSE,FALSE,FALSE,FALSE,FALSE,FALSE,FALSE,TRUE,FALSE
374,2,4,66,1,3,1,4,1,8,2,1,3,2,NA,16,15,2,1,77,2,5,1300,20,3,2,1,1e4,FALSE,FALSE,TRUE,FALSE,FALSE,FALSE,FALSE,TRUE,FALSE,FALSE,FALSE,FALSE
375,2,1,66,2,1,1,4,13,3,1,1,1,1,KE2815,16,15,2,1,NA,1,11,NA,120,9,2,4,NA,TRUE,FALSE,FALSE,FALSE,FALSE,FALSE,FALSE,FALSE,FALSE,FALSE,TRUE,FALSE
376,2,1,60,1,1,2,4,2,1,2,1,3,2,KE5707,12,5,2,1,40,1,3,7e3,60,3,NA,1,NA,FALSE,FALSE,TRUE,FALSE,FALSE,FALSE,FALSE,TRUE,FALSE,FALSE,FALSE,FALSE
377,2,3,43,2,1,1,3,7,2,1,0,7,3,TW7667,10,30,1,1,NA,2,5,NA,NA,12,1,4,NA,FALSE,FALSE,FALSE,FALSE,FALSE,FALSE,TRUE,FALSE,FALSE,FALSE,TRUE,FALSE
378,2,1,46,2,1,1,4,3,1,2,2,3,2,NA,16,15,2,1,NA,1,9,NA,90,9,2,4,NA,FALSE,FALSE,TRUE,FALSE,FALSE,FALSE,FALSE,FALSE,FALSE,FALSE,TRUE,FALSE
379,2,4,43,1,1,1,3,2,1,2,0,3,2,nh1164,16,15,2,1,40,2,2,NA,15,2,4,1,1e4,FALSE,FALSE,TRUE,FALSE,FALSE,FALSE,FALSE,TRUE,FALSE,FALSE,FALSE,FALSE
380,2,4,45,2,1,2,2,2,1,2,0,5,2,NH1164,16,15,2,1,38,2,2,3500,10,9,4,1,1e4,FALSE,FALSE,FALSE,FALSE,TRUE,FALSE,FALSE,TRUE,FALSE,FALSE,FALSE,FALSE
381,2,4,44,1,1,1,3,2,1,2,0,3,2,NH1164,16,15,2,1,40,2,5,1500,10,1,5,1,1e5,FALSE,FALSE,TRUE,FALSE,FALSE,FALSE,FALSE,TRUE,FALSE,FALSE,FALSE,FALSE
382,2,3,49,2,1,1,4,4,3,2,0,5,3,TW7667,11,10,1,3,60,2,2,2200,NA,9,1,4,NA,FALSE,FALSE,FALSE,FALSE,TRUE,FALSE,FALSE,FALSE,FALSE,FALSE,TRUE,FALSE
383,2,2,43,1,3,2,365,0,8,2,2,3,2,OZ9128,15,NA,2,1,40,1,10,NA,40,2,2,4,NA,FALSE,FALSE,TRUE,FALSE,FALSE,FALSE,FALSE,FALSE,FALSE,FALSE,TRUE,FALSE
384,2,2,43,1,2,3,365,0,8,2,10,3,2,NA,17,50,2,1,33,1,5,NA,50,5,4,NA,NA,FALSE,FALSE,TRUE,FALSE,FALSE,FALSE,FALSE,NA,NA,NA,NA,NA
385,2,4,41,1,1,2,7,1,8,2,5,2,1,NA,17,NA,2,1,33,1,6,6e3,NA,2,4,2,15e4,FALSE,TRUE,FALSE,FALSE,FALSE,FALSE,FALSE,FALSE,TRUE,FALSE,FALSE,FALSE
386,2,1,46,1,1,1,4,10,6,1,0,2,1,NA,16,15,2,1,NA,1,1,NA,120,2,3,4,NA,FALSE,TRUE,FALSE,FALSE,FALSE,FALSE,FALSE,FALSE,FALSE,FALSE,TRUE,FALSE
387,2,1,53,1,1,1,7,5,1,2,0,2,2,KE5707,NA,NA,2,1,40,1,1,NA,NA,2,4,NA,NA,FALSE,TRUE,FALSE,FALSE,FALSE,FALSE,FALSE,NA,NA,NA,NA,NA
388,2,1,53,2,1,1,4,2,3,1,1,2,1,NA,9,30,1,1,35,1,2,1e4,NA,7,4,1,11692,FALSE,TRUE,FALSE,FALSE,FALSE,FALSE,FALSE,TRUE,FALSE,FALSE,FALSE,FALSE
389,2,1,57,1,1,2,2,3,1,2,4,2,1,KE2815,16,15,2,2,NA,1,1,NA,60,1,5,NA,NA,FALSE,TRUE,FALSE,FALSE,FALSE,FALSE,FALSE,NA,NA,NA,NA,NA
390,2,4,59,1,1,1,3,0,3,2,3,2,2,NH1162,12,40,2,2,5,1,5,3e3,120,11,2,4,NA,FALSE,TRUE,FALSE,FALSE,FALSE,FALSE,FALSE,FALSE,FALSE,FALSE,TRUE,FALSE
391,2,1,56,1,1,4,6,1,1,2,2,3,2,KE2709,16,30,2,1,NA,1,5,1150,30,10,2,1,NA,FALSE,FALSE,TRUE,FALSE,FALSE,FALSE,FALSE,TRUE,FALSE,FALSE,FALSE,FALSE
392,2,4,32,1,1,1,3,1,1,2,2,3,2,NA,16,30,2,1,30,1,2,7e3,20,3,2,4,NA,FALSE,FALSE,TRUE,FALSE,FALSE,FALSE,FALSE,FALSE,FALSE,FALSE,TRUE,FALSE
393,2,1,33,1,2,2,7,1,3,2,15,2,1,KE,16,15,2,1,NA,2,2,6e3,20,1,5,1,3e4,FALSE,TRUE,FALSE,FALSE,FALSE,FALSE,FALSE,TRUE,FALSE,FALSE,FALSE,FALSE
394,2,3,38,2,1,1,3,4,7,1,0,1,3,ZE9887,11,NA,1,1,50,1,4,15700,90,5,2,4,NA,TRUE,FALSE,FALSE,FALSE,FALSE,FALSE,FALSE,FALSE,FALSE,FALSE,TRUE,FALSE
395,2,3,37,2,1,1,3,4,7,1,1,1,3,ZE9887,11,NA,1,1,50,1,6,15700,90,7,2,NA,NA,TRUE,FALSE,FALSE,FALSE,FALSE,FALSE,FALSE,NA,NA,NA,NA,NA
396,2,3,30,2,1,1,3,2,2,1,3,6,3,TW7669,11,NA,1,1,64,2,3,NA,5,4,3,4,NA,FALSE,FALSE,FALSE,FALSE,FALSE,TRUE,FALSE,FALSE,FALSE,FALSE,TRUE,FALSE
397,2,4,33,2,1,1,10,0,1,2,1,3,4,JL974,15,NA,2,1,89,1,5,1150,50,2,1,4,NA,FALSE,FALSE,TRUE,FALSE,FALSE,FALSE,FALSE,FALSE,FALSE,FALSE,TRUE,FALSE
398,2,4,31,1,1,1,8,1,1,2,2,1,1,CZ318,12,30,2,1,120,1,1,12e3,25,2,2,4,NA,TRUE,FALSE,FALSE,FALSE,FALSE,FALSE,FALSE,FALSE,FALSE,FALSE,TRUE,FALSE
399,2,3,30,2,1,1,4,1,1,2,4,2,3,T,W7667,11,4,1,34,1,2,12e3,30,2,1,1,31e3,FALSE,TRUE,FALSE,FALSE,FALSE,FALSE,FALSE,TRUE,FALSE,FALSE,FALSE,FALSE
400,2,4,48,2,1,1,4,2,3,2,3,3,2,NH1164,16,15,2,1,NA,1,5,2e3,25,9,2,4,NA,FALSE,FALSE,TRUE,FALSE,FALSE,FALSE,FALSE,FALSE,FALSE,FALSE,TRUE,FALSE
401,2,4,46,2,1,2,1,2,3,2,2,3,2,NH1162,12,40,2,1,40,1,1,NA,60,3,3,1,NA,FALSE,FALSE,TRUE,FALSE,FALSE,FALSE,FALSE,TRUE,FALSE,FALSE,FALSE,FALSE
402,2,1,43,2,1,1,4,3,3,2,2,3,2,KE2727,16,55,2,1,40,1,1,NA,90,11,3,1,NA,FALSE,FALSE,TRUE,FALSE,FALSE,FALSE,FALSE,TRUE,FALSE,FALSE,FALSE,FALSE
403,2,3,40,2,1,1,3,7,2,1,1,2,3,TW7667,11,NA,1,1,NA,2,1,NA,30,2,2,NA,NA,FALSE,TRUE,FALSE,FALSE,FALSE,FALSE,FALSE,NA,NA,NA,NA,NA
404,2,3,46,2,1,1,3,7,2,1,0,7,3,TW7667,11,NA,1,1,NA,2,1,NA,30,2,2,2,NA,FALSE,FALSE,FALSE,FALSE,FALSE,FALSE,TRUE,FALSE,TRUE,FALSE,FALSE,FALSE
405,2,2,42,2,1,1,4,3,3,1,1,6,1,OZ3315,8,50,1,1,NA,1,1,NA,NA,9,3,2,8e3,FALSE,FALSE,FALSE,FALSE,FALSE,TRUE,FALSE,FALSE,TRUE,FALSE,FALSE,FALSE
406,2,1,42,2,1,1,4,7,1,1,0,1,1,KE2851,9,30,1,1,NA,1,1,NA,20,9,6,2,NA,TRUE,FALSE,FALSE,FALSE,FALSE,FALSE,FALSE,FALSE,TRUE,FALSE,FALSE,FALSE
407,2,1,43,2,1,4,7,2,1,2,3,2,2,NA,NA,NA,1,1,40,1,6,1e4,60,9,3,4,NA,FALSE,TRUE,FALSE,FALSE,FALSE,FALSE,FALSE,FALSE,FALSE,FALSE,TRUE,FALSE
408,2,4,43,2,1,2,3,4,3,2,5,3,2,JL974,15,NA,2,2,NA,1,5,1100,20,1,4,NA,NA,FALSE,FALSE,TRUE,FALSE,FALSE,FALSE,FALSE,NA,NA,NA,NA,NA
409,2,3,25,2,1,1,3,3,3,2,0,6,3,TW7667,11,NA,1,1,40,1,6,4e3,40,2,4,4,NA,FALSE,FALSE,FALSE,FALSE,FALSE,TRUE,FALSE,FALSE,FALSE,FALSE,TRUE,FALSE
410,2,4,28,2,1,1,8,1,1,2,1,6,1,CA318,12,30,2,1,120,1,1,2e4,40,2,5,1,2e4,FALSE,FALSE,FALSE,FALSE,FALSE,TRUE,FALSE,TRUE,FALSE,FALSE,FALSE,FALSE
411,2,4,26,1,1,3,140,0,1,2,1,2,1,CA138,9,40,1,1,52,1,1,NA,45,8,3,1,9400,FALSE,TRUE,FALSE,FALSE,FALSE,FALSE,FALSE,TRUE,FALSE,FALSE,FALSE,FALSE
412,2,4,20,1,1,2,90,2,3,2,3,4,1,318,12,30,2,1,44,2,4,15e3,60,12,NA,NA,NA,FALSE,FALSE,FALSE,TRUE,FALSE,FALSE,FALSE,NA,NA,NA,NA,NA
413,2,3,31,1,1,1,3,4,1,2,3,6,3,TW7667,11,NA,1,1,39,1,5,1550,60,2,3,1,15e3,FALSE,FALSE,FALSE,FALSE,FALSE,TRUE,FALSE,TRUE,FALSE,FALSE,FALSE,FALSE
414,2,3,33,2,1,1,3,4,1,2,2,6,3,TW7667,11,NA,1,1,40,1,5,1550,60,2,3,2,5e3,FALSE,FALSE,FALSE,FALSE,FALSE,TRUE,FALSE,FALSE,TRUE,FALSE,FALSE,FALSE
415,2,3,33,1,1,1,3,4,8,2,2,2,3,TW7667,11,NA,1,1,39,1,3,1100,50,2,2,4,NA,FALSE,TRUE,FALSE,FALSE,FALSE,FALSE,FALSE,FALSE,FALSE,FALSE,TRUE,FALSE
416,2,3,39,2,1,1,3,7,2,1,0,5,3,TW7667,11,NA,1,1,NA,2,1,NA,20,5,1,4,NA,FALSE,FALSE,FALSE,FALSE,TRUE,FALSE,FALSE,FALSE,FALSE,FALSE,TRUE,FALSE
417,2,4,30,2,3,1,3,2,3,2,0,3,2,NH1162,12,40,2,1,40,1,1,NA,30,2,2,NA,NA,FALSE,FALSE,TRUE,FALSE,FALSE,FALSE,FALSE,NA,NA,NA,NA,NA
418,2,4,38,1,1,2,3,1,1,2,3,3,2,JL974,15,NA,2,1,NA,1,5,NA,NA,2,2,NA,NA,FALSE,FALSE,TRUE,FALSE,FALSE,FALSE,FALSE,NA,NA,NA,NA,NA
419,2,2,35,2,1,1,4,6,4,1,1,6,1,OZ3615,15,30,2,1,NA,2,2,1e4,20,12,2,NA,NA,FALSE,FALSE,FALSE,FALSE,FALSE,TRUE,FALSE,NA,NA,NA,NA,NA
420,2,4,37,2,3,4,99,0,8,2,2,3,2,974,15,NA,2,1,42,1,1,NA,40,9,3,4,NA,FALSE,FALSE,TRUE,FALSE,FALSE,FALSE,FALSE,FALSE,FALSE,FALSE,TRUE,FALSE
421,2,4,30,2,1,4,14,0,1,2,3,1,2,7C1482,14,30,2,2,42,1,1,NA,70,2,3,1,1e4,TRUE,FALSE,FALSE,FALSE,FALSE,FALSE,FALSE,TRUE,FALSE,FALSE,FALSE,FALSE
422,2,4,32,2,2,2,5,1,1,2,8,2,1,CA5040,8,40,1,2,NA,1,6,4e3,20,1,6,1,23462,FALSE,TRUE,FALSE,FALSE,FALSE,FALSE,FALSE,TRUE,FALSE,FALSE,FALSE,FALSE
423,2,2,35,1,1,4,6,0,4,1,1,1,1,OZ3615,15,30,2,1,NA,2,2,1e4,20,12,2,NA,NA,TRUE,FALSE,FALSE,FALSE,FALSE,FALSE,FALSE,NA,NA,NA,NA,NA
424,2,1,35,2,1,1,4,1,1,2,2,3,2,KE5727,15,NA,2,1,30,1,1,NA,30,4,4,4,NA,FALSE,FALSE,TRUE,FALSE,FALSE,FALSE,FALSE,FALSE,FALSE,FALSE,TRUE,FALSE
425,2,1,34,1,3,2,3,2,1,2,3,1,2,KE5727,16,55,2,1,NA,1,2,15e3,30,5,4,NA,NA,TRUE,FALSE,FALSE,FALSE,FALSE,FALSE,FALSE,NA,NA,NA,NA,NA
426,2,1,39,1,3,2,3,2,1,2,6,"3,4",2,KE5727,16,55,2,1,NA,1,1,NA,60,5,5,1,NA,FALSE,FALSE,TRUE,TRUE,FALSE,FALSE,FALSE,TRUE,FALSE,FALSE,FALSE,FALSE
427,2,4,50,1,2,1,4,3,8,2,7,3,1,NA,19,NA,3,1,20,1,6,7e3,50,1,6,1,NA,FALSE,FALSE,TRUE,FALSE,FALSE,FALSE,FALSE,TRUE,FALSE,FALSE,FALSE,FALSE
428,2,4,23,2,2,1,4,3,8,2,2,3,1,NA,19,NA,3,1,20,1,6,7e3,50,8,6,1,NA,FALSE,FALSE,TRUE,FALSE,FALSE,FALSE,FALSE,TRUE,FALSE,FALSE,FALSE,FALSE
429,2,2,40,1,1,2,7,2,3,2,10,3,2,OZ1045,15,30,2,1,NA,1,1,NA,60,2,2,2,39e3,FALSE,FALSE,TRUE,FALSE,FALSE,FALSE,FALSE,FALSE,TRUE,FALSE,FALSE,FALSE
430,2,2,42,1,1,2,7,2,3,2,10,3,2,OZ1045,15,30,2,2,NA,1,1,NA,60,2,2,2,39782,FALSE,FALSE,TRUE,FALSE,FALSE,FALSE,FALSE,FALSE,TRUE,FALSE,FALSE,FALSE
431,2,1,56,2,1,1,3,14,1,1,1,2,1,KE2815,16,15,2,1,44,1,1,NA,30,6,3,NA,NA,FALSE,TRUE,FALSE,FALSE,FALSE,FALSE,FALSE,NA,NA,NA,NA,NA
432,2,1,29,1,1,1,4,14,1,1,0,7,1,KE2815,16,NA,2,1,NA,2,2,4500,15,2,3,NA,NA,FALSE,FALSE,FALSE,FALSE,FALSE,FALSE,TRUE,NA,NA,NA,NA,NA
433,2,1,64,2,1,1,4,14,1,1,1,5,1,KE2815,16,15,2,1,44,1,5,1300,40,7,4,1,NA,FALSE,FALSE,FALSE,FALSE,TRUE,FALSE,FALSE,TRUE,FALSE,FALSE,FALSE,FALSE
434,2,1,67,2,1,1,4,14,1,1,2,3,1,KE2815,16,15,2,1,45,1,1,NA,30,9,3,NA,NA,FALSE,FALSE,TRUE,FALSE,FALSE,FALSE,FALSE,NA,NA,NA,NA,NA
435,2,1,59,2,1,1,4,14,1,1,1,5,1,KE2815,16,15,2,1,44,2,1,NA,5,9,2,"1,2",NA,FALSE,FALSE,FALSE,FALSE,TRUE,FALSE,FALSE,TRUE,TRUE,FALSE,FALSE,FALSE
436,2,1,28,1,1,1,4,20,8,1,1,6,1,KE2815,16,15,2,3,37,1,3,7e3,40,6,2,4,NA,FALSE,FALSE,FALSE,FALSE,FALSE,TRUE,FALSE,FALSE,FALSE,FALSE,TRUE,FALSE
437,2,4,22,2,1,1,8,0,3,2,0,1,3,BR0155,13,20,2,1,30,1,1,NA,40,8,6,4,NA,TRUE,FALSE,FALSE,FALSE,FALSE,FALSE,FALSE,FALSE,FALSE,FALSE,TRUE,FALSE
438,2,1,25,2,1,3,99,0,3,2,1,2,1,KE2815,16,15,2,1,37,1,1,NA,90,8,3,1,NA,FALSE,TRUE,FALSE,FALSE,FALSE,FALSE,FALSE,TRUE,FALSE,FALSE,FALSE,FALSE
439,2,1,21,1,2,4,99,2,8,2,4,3,1,KE2815,16,30,2,1,52,1,2,2e4,40,8,NA,NA,NA,FALSE,FALSE,TRUE,FALSE,FALSE,FALSE,FALSE,NA,NA,NA,NA,NA
440,2,1,22,2,1,4,8,4,1,2,3,1,1,KE5801,12,30,2,1,30,1,5,3e3,10,8,6,4,NA,TRUE,FALSE,FALSE,FALSE,FALSE,FALSE,FALSE,FALSE,FALSE,FALSE,TRUE,FALSE
441,2,4,27,1,1,1,3,2,3,2,0,2,2,NH1162,12,40,2,1,40,1,1,NA,30,6,2,4,NA,FALSE,TRUE,FALSE,FALSE,FALSE,FALSE,FALSE,FALSE,FALSE,FALSE,TRUE,FALSE
442,2,3,26,2,1,2,6,3,6,2,2,1,3,TW7667,11,NA,1,1,50,1,6,23e3,180,12,2,NA,NA,TRUE,FALSE,FALSE,FALSE,FALSE,FALSE,FALSE,NA,NA,NA,NA,NA
443,2,1,26,2,3,3,7,0,1,2,0,3,2,KE2707,9,NA,1,1,60,1,3,1150,40,8,5,1,5320,FALSE,FALSE,TRUE,FALSE,FALSE,FALSE,FALSE,TRUE,FALSE,FALSE,FALSE,FALSE
444,2,1,21,2,1,1,4,20,5,1,1,3,2,NA,16,30,2,1,60,1,5,2e3,50,8,3,1,NA,FALSE,FALSE,TRUE,FALSE,FALSE,FALSE,FALSE,TRUE,FALSE,FALSE,FALSE,FALSE
445,2,1,21,2,1,1,5,0,5,2,0,2,1,KE5801,12,30,2,1,NA,1,3,1150,NA,8,4,3,NA,FALSE,TRUE,FALSE,FALSE,FALSE,FALSE,FALSE,FALSE,FALSE,TRUE,FALSE,FALSE
446,2,4,24,2,1,1,10,0,3,2,0,2,1,NA,9,25,1,1,NA,1,6,6e3,60,8,3,NA,NA,FALSE,TRUE,FALSE,FALSE,FALSE,FALSE,FALSE,NA,NA,NA,NA,NA
447,2,1,28,2,2,2,4,1,1,2,6,2,1,KE2815,16,15,2,2,50,2,3,1200,20,1,4,NA,NA,FALSE,TRUE,FALSE,FALSE,FALSE,FALSE,FALSE,NA,NA,NA,NA,NA
448,2,1,28,1,1,3,180,0,1,2,0,2,1,KE2815,16,15,2,1,NA,1,5,NA,NA,8,3,4,NA,FALSE,TRUE,FALSE,FALSE,FALSE,FALSE,FALSE,FALSE,FALSE,FALSE,TRUE,FALSE
449,2,1,28,2,2,4,365,2,8,2,2,2,1,KE2815,16,30,2,1,52,1,2,2e4,40,3,2,4,NA,FALSE,TRUE,FALSE,FALSE,FALSE,FALSE,FALSE,FALSE,FALSE,FALSE,TRUE,FALSE
450,2,4,28,1,1,2,7,2,3,2,2,3,2,JL91,12,NA,2,NA,NA,1,3,1e3,20,2,2,2,5e3,FALSE,FALSE,TRUE,FALSE,FALSE,FALSE,FALSE,FALSE,TRUE,FALSE,FALSE,FALSE
451,2,1,28,1,2,1,4,5,3,1,1,5,1,KE2815,9,30,2,1,35,1,2,1e4,20,12,6,1,15023,FALSE,FALSE,FALSE,FALSE,TRUE,FALSE,FALSE,TRUE,FALSE,FALSE,FALSE,FALSE
452,2,1,25,1,1,1,5,2,3,2,0,2,2,KE2727,16,55,2,1,35,1,6,6e3,30,8,1,4,NA,FALSE,TRUE,FALSE,FALSE,FALSE,FALSE,FALSE,FALSE,FALSE,FALSE,TRUE,FALSE
453,2,3,25,2,1,1,3,3,1,2,0,6,3,TW7667,11,NA,1,1,40,1,5,1350,60,2,5,4,NA,FALSE,FALSE,FALSE,FALSE,FALSE,TRUE,FALSE,FALSE,FALSE,FALSE,TRUE,FALSE
454,2,4,29,2,2,1,3,3,8,2,0,2,1,MU,19,45,3,1,NA,2,8,NA,180,2,1,NA,NA,FALSE,TRUE,FALSE,FALSE,FALSE,FALSE,FALSE,NA,NA,NA,NA,NA
455,2,4,29,2,2,2,3,3,8,2,0,2,1,MU,19,45,3,1,NA,2,8,NA,180,2,1,4,NA,FALSE,TRUE,FALSE,FALSE,FALSE,FALSE,FALSE,FALSE,FALSE,FALSE,TRUE,FALSE
456,2,1,37,1,2,1,3,1,8,2,1,2,2,KE2727,16,55,2,1,42,1,5,NA,60,8,1,4,NA,FALSE,TRUE,FALSE,FALSE,FALSE,FALSE,FALSE,FALSE,FALSE,FALSE,TRUE,FALSE
457,2,4,35,2,2,1,4,2,8,2,0,2,1,NA,19,45,3,1,NA,2,2,NA,10,2,3,4,NA,FALSE,TRUE,FALSE,FALSE,FALSE,FALSE,FALSE,FALSE,FALSE,FALSE,TRUE,FALSE
458,2,4,38,1,1,1,5,1,1,2,0,3,2,JL974,15,NA,2,1,40,1,5,NA,30,2,2,NA,NA,FALSE,FALSE,TRUE,FALSE,FALSE,FALSE,FALSE,NA,NA,NA,NA,NA
459,2,4,35,1,3,2,2,1,8,2,0,3,2,NA,19,NA,3,1,40,1,2,NA,120,2,2,4,NA,FALSE,FALSE,TRUE,FALSE,FALSE,FALSE,FALSE,FALSE,FALSE,FALSE,TRUE,FALSE
460,2,4,42,1,3,2,1,1,8,2,0,3,2,NH6984,20,NA,3,1,40,1,2,NA,50,2,3,4,NA,FALSE,FALSE,TRUE,FALSE,FALSE,FALSE,FALSE,FALSE,FALSE,FALSE,TRUE,FALSE
461,2,4,40,1,3,2,7,1,8,2,1,3,2,JL94,19,15,3,1,50,1,2,NA,50,2,NA,4,NA,FALSE,FALSE,TRUE,FALSE,FALSE,FALSE,FALSE,FALSE,FALSE,FALSE,TRUE,FALSE
462,2,2,47,1,3,2,3,1,8,2,0,3,2,OZ1085,20,NA,3,1,NA,1,2,NA,40,2,7,3(ANA),NA,FALSE,FALSE,TRUE,FALSE,FALSE,FALSE,FALSE,FALSE,FALSE,TRUE,FALSE,FALSE
463,2,2,40,1,3,1,2,1,8,2,0,3,2,OZ1085,20,NA,3,1,NA,1,6,NA,60,2,3,4,NA,FALSE,FALSE,TRUE,FALSE,FALSE,FALSE,FALSE,FALSE,FALSE,FALSE,TRUE,FALSE
464,2,2,40,2,3,1,3,1,8,2,3,4,2,OZ1085,20,1,3,1,NA,1,5,NA,40,2,NA,4,NA,FALSE,FALSE,FALSE,TRUE,FALSE,FALSE,FALSE,FALSE,FALSE,FALSE,TRUE,FALSE
465,2,1,47,1,3,1,5,1,8,2,0,3,2,KE2727,16,55,2,1,NA,2,8,NA,180,11,1,4,NA,FALSE,FALSE,TRUE,FALSE,FALSE,FALSE,FALSE,FALSE,FALSE,FALSE,TRUE,FALSE
466,2,4,51,2,3,2,365,2,1,2,6,3,2,JL974,15,NA,2,1,40,1,5,NA,15,1,4,NA,NA,FALSE,FALSE,TRUE,FALSE,FALSE,FALSE,FALSE,NA,NA,NA,NA,NA
467,2,4,52,1,1,1,365,1,8,1,5,3,2,NA,NA,NA,2,1,45,1,1,NA,15,1,5,NA,NA,FALSE,FALSE,TRUE,FALSE,FALSE,FALSE,FALSE,NA,NA,NA,NA,NA
468,2,1,59,2,1,1,4,6,1,1,0,2,1,KE2815,16,NA,2,1,60,2,2,NA,10,12,NA,NA,NA,FALSE,TRUE,FALSE,FALSE,FALSE,FALSE,FALSE,NA,NA,NA,NA,NA
469,2,1,58,2,1,1,3,6,1,1,2,2,1,NA,NA,NA,2,1,60,2,2,NA,10,11,2,NA,NA,FALSE,TRUE,FALSE,FALSE,FALSE,FALSE,FALSE,NA,NA,NA,NA,NA
470,2,4,59,1,1,1,8,1,2,2,1,2,4,NA,19,15,3,1,NA,2,2,NA,10,4,3,1,3e4,FALSE,TRUE,FALSE,FALSE,FALSE,FALSE,FALSE,TRUE,FALSE,FALSE,FALSE,FALSE
471,2,1,64,2,1,1,5,13,3,1,1,2,1,NA,NA,NA,2,1,NA,1,1,NA,NA,9,4,NA,NA,FALSE,TRUE,FALSE,FALSE,FALSE,FALSE,FALSE,NA,NA,NA,NA,NA
472,2,1,64,2,1,1,4,13,3,1,0,2,NA,NA,16,30,2,1,NA,1,4,15e3,60,9,4,NA,NA,FALSE,TRUE,FALSE,FALSE,FALSE,FALSE,FALSE,NA,NA,NA,NA,NA
473,2,1,67,2,1,1,10,7,1,1,0,2,1,KE2815,16,NA,2,1,60,2,2,NA,10,9,2,NA,NA,FALSE,TRUE,FALSE,FALSE,FALSE,FALSE,FALSE,NA,NA,NA,NA,NA
474,2,2,64,2,1,1,2,1,3,2,0,3,2,OZ1085,20,NA,3,1,45,1,5,NA,120,10,2,4,NA,FALSE,FALSE,TRUE,FALSE,FALSE,FALSE,FALSE,FALSE,FALSE,FALSE,TRUE,FALSE
475,2,2,69,2,1,2,365,0,1,2,10,6,2,OZ1095,20,NA,3,NA,50,1,5,NA,45,12,1,2,17918,FALSE,FALSE,FALSE,FALSE,FALSE,TRUE,FALSE,FALSE,TRUE,FALSE,FALSE,FALSE
476,2,4,21,2,3,1,6,2,8,2,2,2,2,NH1166,20,5,3,1,NA,1,5,NA,40,8,4,4,NA,FALSE,TRUE,FALSE,FALSE,FALSE,FALSE,FALSE,FALSE,FALSE,FALSE,TRUE,FALSE
477,2,4,32,2,3,1,4,1,8,2,0,3,2,NH6984,20,NA,3,1,45,1,2,NA,45,2,2,4,NA,FALSE,FALSE,TRUE,FALSE,FALSE,FALSE,FALSE,FALSE,FALSE,FALSE,TRUE,FALSE
478,2,4,30,2,3,2,3,1,8,2,3,2,2,NH6984,20,NA,3,1,NA,1,1,NA,60,5,3,3(ANA),NA,FALSE,TRUE,FALSE,FALSE,FALSE,FALSE,FALSE,FALSE,FALSE,TRUE,FALSE,FALSE
479,2,4,42,2,3,1,5,2,8,2,7,2,2,NH6984,20,NA,3,1,NA,1,5,NA,40,7,4,4,NA,FALSE,TRUE,FALSE,FALSE,FALSE,FALSE,FALSE,FALSE,FALSE,FALSE,TRUE,FALSE
480,2,4,43,2,3,1,5,2,8,2,1,2,2,NH6984,20,NA,3,1,NA,1,5,NA,40,9,4,2,NA,FALSE,TRUE,FALSE,FALSE,FALSE,FALSE,FALSE,FALSE,TRUE,FALSE,FALSE,FALSE
481,2,4,55,1,1,2,6,1,1,2,2,2,1,FM,19,45,3,1,NA,1,5,NA,30,2,3,4,NA,FALSE,TRUE,FALSE,FALSE,FALSE,FALSE,FALSE,FALSE,FALSE,FALSE,TRUE,FALSE
482,2,2,59,2,1,2,4,2,1,2,2,1,2,OZ1085,20,NA,3,1,NA,1,5,3e3,30,9,3,2,NA,TRUE,FALSE,FALSE,FALSE,FALSE,FALSE,FALSE,FALSE,TRUE,FALSE,FALSE,FALSE
483,2,2,64,2,1,1,4,2,1,2,1,3,2,OZ1085,20,NA,3,1,NA,1,5,NA,40,9,5,4,NA,FALSE,FALSE,TRUE,FALSE,FALSE,FALSE,FALSE,FALSE,FALSE,FALSE,TRUE,FALSE
484,2,4,39,1,1,4,8,3,8,2,10,2,1,FM824,19,45,3,1,62,1,1,NA,45,12,1,5,1,FALSE,TRUE,FALSE,FALSE,FALSE,FALSE,FALSE,FALSE,FALSE,FALSE,FALSE,TRUE
485,2,4,37,2,1,4,8,3,8,2,6,2,1,824,19,45,3,1,25,1,1,NA,45,5,5,NA,NA,FALSE,TRUE,FALSE,FALSE,FALSE,FALSE,FALSE,NA,NA,NA,NA,NA
486,2,1,63,1,5,2,28,1,8,2,3,2,2,KE2711,19,NA,3,1,NA,2,5,NA,30,2,7,3,NA,FALSE,TRUE,FALSE,FALSE,FALSE,FALSE,FALSE,FALSE,FALSE,TRUE,FALSE,FALSE
487,2,4,61,1,3,2,2,4,8,2,15,4,2,jl,19,15,3,2,17,1,2,3e4,40,1,7,2,3e4,FALSE,FALSE,FALSE,TRUE,FALSE,FALSE,FALSE,FALSE,TRUE,FALSE,FALSE,FALSE
488,2,1,48,2,1,1,2,3,1,2,3,4,2,ke2727,16,55,2,2,70,1,1,NA,40,9,7,4,NA,FALSE,FALSE,FALSE,TRUE,FALSE,FALSE,FALSE,FALSE,FALSE,FALSE,TRUE,FALSE
